date,away_team,away_pt,home_team,home_pt,away_line,home_line
Tue Oct 19 2021,Brooklyn Nets,104,Milwaukee Bucks,127,+103,-120
Tue Oct 19 2021,Golden State Warriors,121,Los Angeles Lakers,114,+138,-158
Wed Oct 20 2021,Indiana Pacers,122,Charlotte Hornets,123,-122,+106
Wed Oct 20 2021,Chicago Bulls,94,Detroit Pistons,88,-216,+184
Wed Oct 20 2021,Boston Celtics,134,New York Knicks,138,+123,-139
Wed Oct 20 2021,Washington Wizards,98,Toronto Raptors,83,+121,-138
Wed Oct 20 2021,Cleveland Cavaliers,121,Memphis Grizzlies,132,+239,-281
Wed Oct 20 2021,Houston Rockets,106,Minnesota Timberwolves,124,+206,-242
Wed Oct 20 2021,Philadelphia 76ers,117,New Orleans Pelicans,97,-169,+150
Wed Oct 20 2021,Orlando Magic,97,San Antonio Spurs,123,+228,-268
Wed Oct 20 2021,Oklahoma City Thunder,86,Utah Jazz,107,+796,-1114
Wed Oct 20 2021,Sacramento Kings,124,Portland Trail Blazers,121,+219,-258
Wed Oct 20 2021,Denver Nuggets,110,Phoenix Suns,98,+208,-245
Thu Oct 21 2021,Dallas Mavericks,87,Atlanta Hawks,113,+118,-134
Thu Oct 21 2021,Milwaukee Bucks,95,Miami Heat,137,+124,-142
Thu Oct 21 2021,Los Angeles Clippers,113,Golden State Warriors,115,+151,-170
Fri Oct 22 2021,New York Knicks,121,Orlando Magic,96,-336,+278
Fri Oct 22 2021,Indiana Pacers,134,Washington Wizards,135,-129,+111
Fri Oct 22 2021,Charlotte Hornets,123,Cleveland Cavaliers,112,-133,+117
Fri Oct 22 2021,Toronto Raptors,115,Boston Celtics,83,+244,-292
Fri Oct 22 2021,Brooklyn Nets,114,Philadelphia 76ers,109,-124,+108
Fri Oct 22 2021,Oklahoma City Thunder,91,Houston Rockets,124,+125,-143
Fri Oct 22 2021,New Orleans Pelicans,112,Chicago Bulls,128,+228,-268
Fri Oct 22 2021,San Antonio Spurs,96,Denver Nuggets,102,+255,-305
Fri Oct 22 2021,Phoenix Suns,115,Los Angeles Lakers,105,+109,-124
Fri Oct 22 2021,Utah Jazz,110,Sacramento Kings,101,-247,+210
Sat Oct 23 2021,Atlanta Hawks,95,Cleveland Cavaliers,101,-371,+302
Sat Oct 23 2021,Miami Heat,91,Indiana Pacers,102,-165,+143
Sat Oct 23 2021,Dallas Mavericks,103,Toronto Raptors,95,-188,+166
Sat Oct 23 2021,Detroit Pistons,82,Chicago Bulls,97,+292,-360
Sat Oct 23 2021,New Orleans Pelicans,89,Minnesota Timberwolves,96,+253,-296
Sat Oct 23 2021,Milwaukee Bucks,121,San Antonio Spurs,111,-242,+208
Sat Oct 23 2021,Phoenix Suns,105,Portland Trail Blazers,134,+130,-147
Sat Oct 23 2021,Memphis Grizzlies,120,Los Angeles Clippers,114,+150,-169
Sun Oct 24 2021,Charlotte Hornets,111,Brooklyn Nets,95,+334,-413
Sun Oct 24 2021,Boston Celtics,107,Houston Rockets,97,-209,+180
Sun Oct 24 2021,Orlando Magic,110,New York Knicks,104,+575,-783
Sun Oct 24 2021,Philadelphia 76ers,115,Oklahoma City Thunder,103,-461,+368
Sun Oct 24 2021,Golden State Warriors,119,Sacramento Kings,107,-153,+135
Sun Oct 24 2021,Memphis Grizzlies,118,Los Angeles Lakers,121,+181,-211
Mon Oct 25 2021,Boston Celtics,140,Charlotte Hornets,129,-127,+110
Mon Oct 25 2021,Milwaukee Bucks,119,Indiana Pacers,109,-122,+105
Mon Oct 25 2021,Chicago Bulls,111,Toronto Raptors,108,-130,+113
Mon Oct 25 2021,Orlando Magic,90,Miami Heat,107,+712,-988
Mon Oct 25 2021,Washington Wizards,90,Brooklyn Nets,104,+203,-239
Mon Oct 25 2021,Detroit Pistons,104,Atlanta Hawks,122,+511,-680
Mon Oct 25 2021,New Orleans Pelicans,107,Minnesota Timberwolves,98,+187,-219
Mon Oct 25 2021,Cleveland Cavaliers,99,Denver Nuggets,87,+401,-515
Mon Oct 25 2021,Portland Trail Blazers,86,Los Angeles Clippers,116,+118,-134
Tue Oct 26 2021,Philadelphia 76ers,99,New York Knicks,112,+110,-126
Tue Oct 26 2021,Golden State Warriors,106,Oklahoma City Thunder,98,-564,+436
Tue Oct 26 2021,Los Angeles Lakers,125,San Antonio Spurs,121,+111,-128
Tue Oct 26 2021,Houston Rockets,106,Dallas Mavericks,116,+474,-626
Tue Oct 26 2021,Denver Nuggets,110,Utah Jazz,122,+264,-314
Wed Oct 27 2021,Charlotte Hornets,120,Orlando Magic,111,-223,+189
Wed Oct 27 2021,Washington Wizards,116,Boston Celtics,107,+157,-179
Wed Oct 27 2021,Miami Heat,106,Brooklyn Nets,93,+138,-156
Wed Oct 27 2021,Indiana Pacers,100,Toronto Raptors,118,-101,-117
Wed Oct 27 2021,Atlanta Hawks,102,New Orleans Pelicans,99,-215,+180
Wed Oct 27 2021,Minnesota Timberwolves,113,Milwaukee Bucks,108,+199,-237
Wed Oct 27 2021,Los Angeles Lakers,115,Oklahoma City Thunder,123,-237,+201
Wed Oct 27 2021,Sacramento Kings,110,Phoenix Suns,107,+289,-353
Wed Oct 27 2021,Memphis Grizzlies,96,Portland Trail Blazers,116,+116,-134
Wed Oct 27 2021,Cleveland Cavaliers,92,Los Angeles Clippers,79,+294,-359
Thu Oct 28 2021,Atlanta Hawks,111,Washington Wizards,122,-177,+156
Thu Oct 28 2021,Detroit Pistons,102,Philadelphia 76ers,110,+439,-589
Thu Oct 28 2021,Utah Jazz,122,Houston Rockets,91,-449,+352
Thu Oct 28 2021,New York Knicks,104,Chicago Bulls,103,+104,-121
Thu Oct 28 2021,San Antonio Spurs,99,Dallas Mavericks,104,+220,-262
Thu Oct 28 2021,Memphis Grizzlies,104,Golden State Warriors,101,+201,-238
Fri Oct 29 2021,Orlando Magic,109,Toronto Raptors,110,+326,-401
Fri Oct 29 2021,Charlotte Hornets,99,Miami Heat,114,+233,-273
Fri Oct 29 2021,Indiana Pacers,98,Brooklyn Nets,105,+323,-398
Fri Oct 29 2021,Sacramento Kings,113,New Orleans Pelicans,109,-124,+107
Fri Oct 29 2021,Dallas Mavericks,75,Denver Nuggets,106,+146,-168
Fri Oct 29 2021,Los Angeles Clippers,92,Portland Trail Blazers,111,+140,-159
Fri Oct 29 2021,Cleveland Cavaliers,101,Los Angeles Lakers,113,+281,-338
Sat Oct 30 2021,Boston Celtics,112,Washington Wizards,115,+110,-127
Sat Oct 30 2021,Orlando Magic,103,Detroit Pistons,110,+198,-234
Sat Oct 30 2021,New York Knicks,123,New Orleans Pelicans,117,-349,+288
Sat Oct 30 2021,Toronto Raptors,97,Indiana Pacers,94,+128,-144
Sat Oct 30 2021,Atlanta Hawks,94,Philadelphia 76ers,122,+140,-160
Sat Oct 30 2021,Utah Jazz,99,Chicago Bulls,107,-158,+138
Sat Oct 30 2021,Miami Heat,129,Memphis Grizzlies,103,+138,-158
Sat Oct 30 2021,San Antonio Spurs,102,Milwaukee Bucks,93,+237,-282
Sat Oct 30 2021,Oklahoma City Thunder,82,Golden State Warriors,103,+610,-840
Sat Oct 30 2021,Denver Nuggets,93,Minnesota Timberwolves,91,+104,-121
Sat Oct 30 2021,Cleveland Cavaliers,92,Phoenix Suns,101,+377,-485
Sun Oct 31 2021,Sacramento Kings,99,Dallas Mavericks,105,+159,-181
Sun Oct 31 2021,Portland Trail Blazers,113,Charlotte Hornets,125,-130,+113
Sun Oct 31 2021,Utah Jazz,107,Milwaukee Bucks,95,-192,+167
Sun Oct 31 2021,Detroit Pistons,91,Brooklyn Nets,117,+578,-804
Sun Oct 31 2021,Houston Rockets,85,Los Angeles Lakers,95,+444,-584
Mon Nov 1 2021,Cleveland Cavaliers,113,Charlotte Hornets,110,+177,-203
Mon Nov 1 2021,San Antonio Spurs,118,Indiana Pacers,131,+124,-141
Mon Nov 1 2021,Portland Trail Blazers,103,Philadelphia 76ers,113,-132,+116
Mon Nov 1 2021,Washington Wizards,111,Atlanta Hawks,118,+184,-216
Mon Nov 1 2021,Chicago Bulls,128,Boston Celtics,114,+124,-141
Mon Nov 1 2021,Toronto Raptors,113,New York Knicks,104,+247,-302
Mon Nov 1 2021,Denver Nuggets,97,Memphis Grizzlies,106,+111,-128
Mon Nov 1 2021,Orlando Magic,115,Minnesota Timberwolves,97,+320,-393
Mon Nov 1 2021,Oklahoma City Thunder,94,Los Angeles Clippers,99,+596,-826
Tue Nov 2 2021,Milwaukee Bucks,117,Detroit Pistons,89,-177,+156
Tue Nov 2 2021,Miami Heat,125,Dallas Mavericks,110,-141,+124
Tue Nov 2 2021,Sacramento Kings,113,Utah Jazz,119,+329,-408
Tue Nov 2 2021,New Orleans Pelicans,100,Phoenix Suns,112,+397,-513
Tue Nov 2 2021,Houston Rockets,117,Los Angeles Lakers,119,+468,-613
Wed Nov 3 2021,Portland Trail Blazers,104,Cleveland Cavaliers,107,-213,+183
Wed Nov 3 2021,New York Knicks,98,Indiana Pacers,111,-107,-110
Wed Nov 3 2021,Boston Celtics,92,Orlando Magic,79,-286,+243
Wed Nov 3 2021,Chicago Bulls,98,Philadelphia 76ers,103,+114,-130
Wed Nov 3 2021,Toronto Raptors,109,Washington Wizards,100,+141,-160
Wed Nov 3 2021,Atlanta Hawks,108,Brooklyn Nets,117,+162,-184
Wed Nov 3 2021,Denver Nuggets,106,Memphis Grizzlies,108,-119,+103
Wed Nov 3 2021,Los Angeles Clippers,126,Minnesota Timberwolves,115,-137,+121
Wed Nov 3 2021,Dallas Mavericks,109,San Antonio Spurs,108,-132,+115
Wed Nov 3 2021,Charlotte Hornets,92,Golden State Warriors,114,+202,-238
Wed Nov 3 2021,New Orleans Pelicans,99,Sacramento Kings,112,+191,-222
Thu Nov 4 2021,Philadelphia 76ers,109,Detroit Pistons,98,-191,+167
Thu Nov 4 2021,Utah Jazz,116,Atlanta Hawks,98,-123,+106
Thu Nov 4 2021,Boston Celtics,95,Miami Heat,78,+222,-262
Thu Nov 4 2021,Houston Rockets,111,Phoenix Suns,123,+505,-673
Thu Nov 4 2021,Oklahoma City Thunder,107,Los Angeles Lakers,104,+453,-584
Fri Nov 5 2021,Brooklyn Nets,96,Detroit Pistons,90,-484,+381
Fri Nov 5 2021,San Antonio Spurs,102,Orlando Magic,89,-169,+150
Fri Nov 5 2021,Memphis Grizzlies,87,Washington Wizards,115,+119,-136
Fri Nov 5 2021,New York Knicks,113,Milwaukee Bucks,98,+138,-158
Fri Nov 5 2021,Cleveland Cavaliers,102,Toronto Raptors,101,+193,-228
Fri Nov 5 2021,Los Angeles Clippers,104,Minnesota Timberwolves,84,-137,+121
Fri Nov 5 2021,New Orleans Pelicans,85,Golden State Warriors,126,+367,-458
Fri Nov 5 2021,Indiana Pacers,106,Portland Trail Blazers,110,+185,-218
Fri Nov 5 2021,Charlotte Hornets,110,Sacramento Kings,140,+111,-128
Sat Nov 6 2021,Houston Rockets,94,Denver Nuggets,95,+467,-609
Sat Nov 6 2021,Utah Jazz,115,Miami Heat,118,-113,-104
Sat Nov 6 2021,Philadelphia 76ers,114,Chicago Bulls,105,+153,-172
Sat Nov 6 2021,Boston Celtics,104,Dallas Mavericks,107,+138,-156
Sat Nov 6 2021,Atlanta Hawks,117,Phoenix Suns,121,+138,-159
Sat Nov 6 2021,Los Angeles Lakers,90,Portland Trail Blazers,105,+175,-201
Sun Nov 7 2021,Brooklyn Nets,116,Toronto Raptors,103,-154,+136
Sun Nov 7 2021,Cleveland Cavaliers,126,New York Knicks,109,+268,-318
Sun Nov 7 2021,Utah Jazz,100,Orlando Magic,107,-650,+488
Sun Nov 7 2021,Indiana Pacers,94,Sacramento Kings,91,+118,-136
Sun Nov 7 2021,Milwaukee Bucks,94,Washington Wizards,101,-115,-102
Sun Nov 7 2021,San Antonio Spurs,94,Oklahoma City Thunder,99,-163,+144
Sun Nov 7 2021,Houston Rockets,107,Golden State Warriors,120,+648,-901
Sun Nov 7 2021,Charlotte Hornets,106,Los Angeles Clippers,120,+204,-241
Mon Nov 8 2021,New York Knicks,103,Philadelphia 76ers,96,-133,+117
Mon Nov 8 2021,Brooklyn Nets,95,Chicago Bulls,118,-113,-104
Mon Nov 8 2021,Minnesota Timberwolves,118,Memphis Grizzlies,125,+164,-187
Mon Nov 8 2021,New Orleans Pelicans,92,Dallas Mavericks,108,+335,-418
Mon Nov 8 2021,Miami Heat,96,Denver Nuggets,113,-128,+109
Mon Nov 8 2021,Atlanta Hawks,113,Golden State Warriors,127,+146,-163
Mon Nov 8 2021,Phoenix Suns,109,Sacramento Kings,104,-159,+139
Mon Nov 8 2021,Charlotte Hornets,123,Los Angeles Lakers,126,+119,-136
Tue Nov 9 2021,Milwaukee Bucks,118,Philadelphia 76ers,109,-294,+249
Tue Nov 9 2021,Atlanta Hawks,98,Utah Jazz,110,+313,-382
Tue Nov 9 2021,Portland Trail Blazers,109,Los Angeles Clippers,117,+131,-148
Wed Nov 10 2021,Washington Wizards,97,Cleveland Cavaliers,94,-160,+140
Wed Nov 10 2021,Brooklyn Nets,123,Orlando Magic,90,-472,+369
Wed Nov 10 2021,Toronto Raptors,88,Boston Celtics,104,+133,-149
Wed Nov 10 2021,Detroit Pistons,112,Houston Rockets,104,+118,-134
Wed Nov 10 2021,Milwaukee Bucks,112,New York Knicks,100,+142,-162
Wed Nov 10 2021,Dallas Mavericks,107,Chicago Bulls,117,+141,-162
Wed Nov 10 2021,Charlotte Hornets,118,Memphis Grizzlies,108,+165,-190
Wed Nov 10 2021,Oklahoma City Thunder,108,New Orleans Pelicans,100,+154,-175
Wed Nov 10 2021,Sacramento Kings,117,San Antonio Spurs,136,-101,-115
Wed Nov 10 2021,Indiana Pacers,98,Denver Nuggets,101,-154,+137
Wed Nov 10 2021,Portland Trail Blazers,109,Phoenix Suns,119,+173,-202
Wed Nov 10 2021,Minnesota Timberwolves,110,Golden State Warriors,123,+265,-316
Wed Nov 10 2021,Miami Heat,117,Los Angeles Lakers,120,-214,+183
Thu Nov 11 2021,Toronto Raptors,115,Philadelphia 76ers,109,+156,-180
Thu Nov 11 2021,Indiana Pacers,111,Utah Jazz,100,+432,-565
Thu Nov 11 2021,Miami Heat,109,Los Angeles Clippers,112,+180,-209
Fri Nov 12 2021,New York Knicks,96,Charlotte Hornets,104,-137,+122
Fri Nov 12 2021,Milwaukee Bucks,113,Boston Celtics,122,+168,-188
Fri Nov 12 2021,Detroit Pistons,78,Cleveland Cavaliers,98,+170,-192
Fri Nov 12 2021,Portland Trail Blazers,104,Houston Rockets,92,-271,+231
Fri Nov 12 2021,Phoenix Suns,119,Memphis Grizzlies,94,-124,+108
Fri Nov 12 2021,Brooklyn Nets,120,New Orleans Pelicans,112,-443,+363
Fri Nov 12 2021,Sacramento Kings,103,Oklahoma City Thunder,105,-190,+170
Fri Nov 12 2021,Dallas Mavericks,123,San Antonio Spurs,109,-139,+124
Fri Nov 12 2021,Atlanta Hawks,96,Denver Nuggets,105,+139,-156
Fri Nov 12 2021,Chicago Bulls,93,Golden State Warriors,119,+186,-211
Fri Nov 12 2021,Minnesota Timberwolves,107,Los Angeles Lakers,83,+103,-115
Sat Nov 13 2021,Miami Heat,111,Utah Jazz,105,+287,-342
Sat Nov 13 2021,Philadelphia 76ers,113,Indiana Pacers,118,+152,-169
Sat Nov 13 2021,Memphis Grizzlies,101,New Orleans Pelicans,112,-161,+143
Sat Nov 13 2021,Washington Wizards,104,Orlando Magic,92,-191,+168
Sat Nov 13 2021,Detroit Pistons,127,Toronto Raptors,121,+260,-314
Sat Nov 13 2021,Boston Celtics,89,Cleveland Cavaliers,91,-103,-113
Sat Nov 13 2021,Minnesota Timberwolves,102,Los Angeles Clippers,129,+238,-281
Sun Nov 14 2021,San Antonio Spurs,106,Los Angeles Lakers,114,+117,-133
Sun Nov 14 2021,Milwaukee Bucks,100,Atlanta Hawks,120,+113,-130
Sun Nov 14 2021,Golden State Warriors,102,Charlotte Hornets,106,-218,+185
Sun Nov 14 2021,Phoenix Suns,115,Houston Rockets,89,-367,+292
Sun Nov 14 2021,Brooklyn Nets,120,Oklahoma City Thunder,96,-394,+320
Sun Nov 14 2021,Portland Trail Blazers,95,Denver Nuggets,124,+208,-241
Sun Nov 14 2021,Chicago Bulls,100,Los Angeles Clippers,90,+145,-164
Mon Nov 15 2021,Boston Celtics,98,Cleveland Cavaliers,92,-172,+154
Mon Nov 15 2021,Sacramento Kings,129,Detroit Pistons,107,-175,+158
Mon Nov 15 2021,New Orleans Pelicans,100,Washington Wizards,105,+159,-183
Mon Nov 15 2021,Orlando Magic,111,Atlanta Hawks,129,+451,-584
Mon Nov 15 2021,Indiana Pacers,84,New York Knicks,92,+131,-149
Mon Nov 15 2021,Denver Nuggets,101,Dallas Mavericks,111,+178,-206
Mon Nov 15 2021,Houston Rockets,102,Memphis Grizzlies,136,+500,-656
Mon Nov 15 2021,Phoenix Suns,99,Minnesota Timberwolves,96,-166,+149
Mon Nov 15 2021,Miami Heat,103,Oklahoma City Thunder,90,-257,+219
Mon Nov 15 2021,Toronto Raptors,113,Portland Trail Blazers,118,+134,-153
Mon Nov 15 2021,Chicago Bulls,121,Los Angeles Lakers,103,-128,+110
Tue Nov 16 2021,Golden State Warriors,117,Brooklyn Nets,99,+121,-140
Tue Nov 16 2021,Philadelphia 76ers,85,Utah Jazz,120,+426,-551
Tue Nov 16 2021,San Antonio Spurs,92,Los Angeles Clippers,106,+259,-305
Wed Nov 17 2021,Washington Wizards,87,Charlotte Hornets,97,+102,-118
Wed Nov 17 2021,Indiana Pacers,89,Detroit Pistons,97,-284,+236
Wed Nov 17 2021,Boston Celtics,99,Atlanta Hawks,110,+157,-182
Wed Nov 17 2021,Cleveland Cavaliers,99,Brooklyn Nets,109,+354,-446
Wed Nov 17 2021,New Orleans Pelicans,98,Miami Heat,113,+262,-315
Wed Nov 17 2021,Los Angeles Lakers,102,Milwaukee Bucks,109,+314,-376
Wed Nov 17 2021,Orlando Magic,104,New York Knicks,98,+501,-673
Wed Nov 17 2021,Sacramento Kings,97,Minnesota Timberwolves,107,+116,-134
Wed Nov 17 2021,Houston Rockets,89,Oklahoma City Thunder,101,+123,-141
Wed Nov 17 2021,Dallas Mavericks,98,Phoenix Suns,105,+298,-365
Wed Nov 17 2021,Chicago Bulls,107,Portland Trail Blazers,112,+151,-183
Thu Nov 18 2021,Golden State Warriors,104,Cleveland Cavaliers,89,-480,+377
Thu Nov 18 2021,Washington Wizards,97,Miami Heat,112,+204,-240
Thu Nov 18 2021,Los Angeles Clippers,108,Memphis Grizzlies,120,-109,-107
Thu Nov 18 2021,San Antonio Spurs,90,Minnesota Timberwolves,115,-100,-118
Thu Nov 18 2021,Philadelphia 76ers,103,Denver Nuggets,89,+263,-312
Thu Nov 18 2021,Toronto Raptors,103,Utah Jazz,119,+389,-494
Fri Nov 19 2021,Indiana Pacers,118,Charlotte Hornets,121,-109,-107
Fri Nov 19 2021,Golden State Warriors,105,Detroit Pistons,102,-156,+133
Fri Nov 19 2021,Los Angeles Lakers,108,Boston Celtics,130,+101,-119
Fri Nov 19 2021,Orlando Magic,113,Brooklyn Nets,115,+408,-536
Fri Nov 19 2021,Oklahoma City Thunder,89,Milwaukee Bucks,96,+657,-959
Fri Nov 19 2021,Los Angeles Clippers,81,New Orleans Pelicans,94,-179,+158
Fri Nov 19 2021,Chicago Bulls,114,Denver Nuggets,108,-139,+121
Fri Nov 19 2021,Dallas Mavericks,104,Phoenix Suns,112,+288,-358
Fri Nov 19 2021,Toronto Raptors,108,Sacramento Kings,89,+139,-157
Sat Nov 20 2021,Houston Rockets,99,New York Knicks,106,+476,-629
Sat Nov 20 2021,New Orleans Pelicans,94,Indiana Pacers,111,+262,-312
Sat Nov 20 2021,Miami Heat,100,Washington Wizards,103,-133,+117
Sat Nov 20 2021,Charlotte Hornets,105,Atlanta Hawks,115,+241,-283
Sat Nov 20 2021,Oklahoma City Thunder,105,Boston Celtics,111,+349,-431
Sat Nov 20 2021,Orlando Magic,108,Milwaukee Bucks,117,+573,-793
Sat Nov 20 2021,Memphis Grizzlies,95,Minnesota Timberwolves,138,+121,-137
Sat Nov 20 2021,Philadelphia 76ers,111,Portland Trail Blazers,118,+242,-282
Sat Nov 20 2021,Utah Jazz,123,Sacramento Kings,105,-333,+276
Sun Nov 21 2021,Dallas Mavericks,91,Los Angeles Clippers,97,+185,-216
Sun Nov 21 2021,Los Angeles Lakers,121,Detroit Pistons,116,-307,+258
Sun Nov 21 2021,New York Knicks,103,Chicago Bulls,109,+182,-214
Sun Nov 21 2021,Denver Nuggets,97,Phoenix Suns,126,+441,-565
Sun Nov 21 2021,Toronto Raptors,104,Golden State Warriors,119,+327,-404
Mon Nov 22 2021,Brooklyn Nets,117,Cleveland Cavaliers,112,-222,+188
Mon Nov 22 2021,Charlotte Hornets,109,Washington Wizards,103,+162,-183
Mon Nov 22 2021,Oklahoma City Thunder,101,Atlanta Hawks,113,+671,-949
Mon Nov 22 2021,Houston Rockets,90,Boston Celtics,108,+528,-706
Mon Nov 22 2021,Indiana Pacers,109,Chicago Bulls,77,+108,-124
Mon Nov 22 2021,Orlando Magic,92,Milwaukee Bucks,123,+686,-945
Mon Nov 22 2021,Minnesota Timberwolves,110,New Orleans Pelicans,96,-158,+139
Mon Nov 22 2021,Phoenix Suns,115,San Antonio Spurs,111,-216,+184
Mon Nov 22 2021,Memphis Grizzlies,119,Utah Jazz,118,+433,-558
Mon Nov 22 2021,Philadelphia 76ers,102,Sacramento Kings,94,+170,-194
Tue Nov 23 2021,Miami Heat,100,Detroit Pistons,92,-522,+405
Tue Nov 23 2021,Los Angeles Lakers,100,New York Knicks,106,+171,-196
Tue Nov 23 2021,Denver Nuggets,100,Portland Trail Blazers,119,+349,-435
Tue Nov 23 2021,Dallas Mavericks,112,Los Angeles Clippers,104,+129,-146
Wed Nov 24 2021,Phoenix Suns,120,Cleveland Cavaliers,115,-302,+255
Wed Nov 24 2021,Los Angeles Lakers,124,Indiana Pacers,116,+208,-243
Wed Nov 24 2021,Charlotte Hornets,106,Orlando Magic,99,-328,+275
Wed Nov 24 2021,Brooklyn Nets,123,Boston Celtics,104,-101,-116
Wed Nov 24 2021,Chicago Bulls,113,Houston Rockets,118,-449,+363
Wed Nov 24 2021,Toronto Raptors,126,Memphis Grizzlies,113,+143,-160
Wed Nov 24 2021,Detroit Pistons,93,Milwaukee Bucks,114,+918,-1392
Wed Nov 24 2021,Miami Heat,101,Minnesota Timberwolves,113,-108,-105
Wed Nov 24 2021,Washington Wizards,102,New Orleans Pelicans,127,-160,+143
Wed Nov 24 2021,Utah Jazz,110,Oklahoma City Thunder,104,-1096,+763
Wed Nov 24 2021,Atlanta Hawks,124,San Antonio Spurs,106,-165,+148
Wed Nov 24 2021,Philadelphia 76ers,96,Golden State Warriors,116,+409,-515
Wed Nov 24 2021,Portland Trail Blazers,121,Sacramento Kings,125,-161,+143
Fri Nov 26 2021,Detroit Pistons,96,Los Angeles Clippers,107,+516,-683
Fri Nov 26 2021,Minnesota Timberwolves,115,Charlotte Hornets,133,+115,-132
Fri Nov 26 2021,Phoenix Suns,118,New York Knicks,97,-170,+153
Fri Nov 26 2021,Chicago Bulls,123,Orlando Magic,88,-463,+368
Fri Nov 26 2021,Toronto Raptors,97,Indiana Pacers,114,+170,-195
Fri Nov 26 2021,Atlanta Hawks,132,Memphis Grizzlies,100,-109,-107
Fri Nov 26 2021,Washington Wizards,101,Oklahoma City Thunder,99,-253,+214
Fri Nov 26 2021,Boston Celtics,88,San Antonio Spurs,96,-183,+160
Fri Nov 26 2021,Milwaukee Bucks,120,Denver Nuggets,109,-230,+197
Fri Nov 26 2021,New Orleans Pelicans,98,Utah Jazz,97,+679,-935
Fri Nov 26 2021,Portland Trail Blazers,103,Golden State Warriors,118,+204,-241
Fri Nov 26 2021,Sacramento Kings,141,Los Angeles Lakers,137,+270,-328
Sat Nov 27 2021,Minnesota Timberwolves,121,Philadelphia 76ers,120,+230,-268
Sat Nov 27 2021,New York Knicks,99,Atlanta Hawks,90,+268,-318
Sat Nov 27 2021,Phoenix Suns,113,Brooklyn Nets,107,+109,-125
Sat Nov 27 2021,Miami Heat,107,Chicago Bulls,104,-116,-101
Sat Nov 27 2021,Orlando Magic,92,Cleveland Cavaliers,105,+398,-494
Sat Nov 27 2021,Charlotte Hornets,143,Houston Rockets,146,-213,+183
Sat Nov 27 2021,Washington Wizards,120,Dallas Mavericks,114,+222,-255
Sat Nov 27 2021,New Orleans Pelicans,105,Utah Jazz,127,+632,-871
Sun Nov 28 2021,Golden State Warriors,105,Los Angeles Clippers,90,-140,+123
Sun Nov 28 2021,Milwaukee Bucks,118,Indiana Pacers,100,-131,+113
Sun Nov 28 2021,Sacramento Kings,101,Memphis Grizzlies,128,+144,-162
Sun Nov 28 2021,Boston Celtics,109,Toronto Raptors,97,-128,+111
Sun Nov 28 2021,Detroit Pistons,106,Los Angeles Lakers,110,+422,-528
Mon Nov 29 2021,Orlando Magic,96,Philadelphia 76ers,101,+678,-995
Mon Nov 29 2021,Denver Nuggets,120,Miami Heat,111,+147,-168
Mon Nov 29 2021,Charlotte Hornets,119,Chicago Bulls,133,+174,-199
Mon Nov 29 2021,Oklahoma City Thunder,89,Houston Rockets,102,+119,-138
Mon Nov 29 2021,Indiana Pacers,98,Minnesota Timberwolves,100,+146,-163
Mon Nov 29 2021,Cleveland Cavaliers,114,Dallas Mavericks,96,+230,-268
Mon Nov 29 2021,Washington Wizards,99,San Antonio Spurs,116,-153,+135
Mon Nov 29 2021,Portland Trail Blazers,107,Utah Jazz,129,+238,-276
Mon Nov 29 2021,New Orleans Pelicans,123,Los Angeles Clippers,104,+244,-286
Tue Nov 30 2021,New York Knicks,110,Brooklyn Nets,112,+209,-244
Tue Nov 30 2021,Memphis Grizzlies,98,Toronto Raptors,91,+129,-146
Tue Nov 30 2021,Golden State Warriors,96,Phoenix Suns,104,+139,-156
Tue Nov 30 2021,Detroit Pistons,92,Portland Trail Blazers,110,+290,-346
Tue Nov 30 2021,Los Angeles Lakers,117,Sacramento Kings,92,-110,-107
Wed Dec 1 2021,Atlanta Hawks,114,Indiana Pacers,111,+114,-131
Wed Dec 1 2021,Denver Nuggets,103,Orlando Magic,108,-340,+284
Wed Dec 1 2021,Minnesota Timberwolves,107,Washington Wizards,115,+143,-163
Wed Dec 1 2021,Philadelphia 76ers,87,Boston Celtics,88,+134,-152
Wed Dec 1 2021,Cleveland Cavaliers,111,Miami Heat,85,+132,-149
Wed Dec 1 2021,Charlotte Hornets,125,Milwaukee Bucks,127,+321,-392
Wed Dec 1 2021,Dallas Mavericks,139,New Orleans Pelicans,107,-172,+154
Wed Dec 1 2021,Houston Rockets,114,Oklahoma City Thunder,110,+115,-132
Wed Dec 1 2021,Sacramento Kings,124,Los Angeles Clippers,115,+209,-246
Thu Dec 2 2021,Chicago Bulls,119,New York Knicks,115,-131,+114
Thu Dec 2 2021,Milwaukee Bucks,93,Toronto Raptors,97,-140,+120
Thu Dec 2 2021,Oklahoma City Thunder,79,Memphis Grizzlies,152,+443,-584
Thu Dec 2 2021,Detroit Pistons,103,Phoenix Suns,114,+531,-730
Thu Dec 2 2021,San Antonio Spurs,114,Portland Trail Blazers,83,+174,-199
Fri Dec 3 2021,Miami Heat,113,Indiana Pacers,104,+182,-213
Fri Dec 3 2021,Cleveland Cavaliers,116,Washington Wizards,101,+126,-144
Fri Dec 3 2021,Philadelphia 76ers,98,Atlanta Hawks,96,+123,-140
Fri Dec 3 2021,Minnesota Timberwolves,105,Brooklyn Nets,110,+310,-377
Fri Dec 3 2021,Orlando Magic,116,Houston Rockets,118,+129,-146
Fri Dec 3 2021,New Orleans Pelicans,107,Dallas Mavericks,91,+242,-285
Fri Dec 3 2021,Boston Celtics,130,Utah Jazz,137,+284,-339
Fri Dec 3 2021,Phoenix Suns,96,Golden State Warriors,118,+256,-305
Fri Dec 3 2021,Los Angeles Clippers,119,Los Angeles Lakers,115,+118,-135
Sat Dec 4 2021,Denver Nuggets,113,New York Knicks,99,+114,-131
Sat Dec 4 2021,Chicago Bulls,111,Brooklyn Nets,107,+121,-138
Sat Dec 4 2021,Miami Heat,102,Milwaukee Bucks,124,+206,-241
Sat Dec 4 2021,Memphis Grizzlies,97,Dallas Mavericks,90,-115,-102
Sat Dec 4 2021,San Antonio Spurs,112,Golden State Warriors,107,+342,-425
Sat Dec 4 2021,Boston Celtics,145,Portland Trail Blazers,117,-108,-109
Sat Dec 4 2021,Los Angeles Clippers,99,Sacramento Kings,104,-129,+111
Sun Dec 5 2021,Utah Jazz,109,Cleveland Cavaliers,108,-206,+180
Sun Dec 5 2021,Charlotte Hornets,130,Atlanta Hawks,127,+264,-314
Sun Dec 5 2021,Washington Wizards,90,Toronto Raptors,102,-100,-117
Sun Dec 5 2021,New Orleans Pelicans,108,Houston Rockets,118,-141,+124
Mon Dec 6 2021,Philadelphia 76ers,127,Charlotte Hornets,124,-310,+262
Mon Dec 6 2021,Oklahoma City Thunder,114,Detroit Pistons,103,+135,-152
Mon Dec 6 2021,Washington Wizards,110,Indiana Pacers,116,+196,-227
Mon Dec 6 2021,Memphis Grizzlies,105,Miami Heat,90,+190,-222
Mon Dec 6 2021,Denver Nuggets,97,Chicago Bulls,109,+115,-132
Mon Dec 6 2021,Cleveland Cavaliers,104,Milwaukee Bucks,112,+306,-377
Mon Dec 6 2021,Atlanta Hawks,121,Minnesota Timberwolves,110,+108,-125
Mon Dec 6 2021,San Antonio Spurs,104,Phoenix Suns,108,+256,-304
Mon Dec 6 2021,Orlando Magic,95,Golden State Warriors,126,+1058,-1702
Mon Dec 6 2021,Los Angeles Clippers,102,Portland Trail Blazers,90,-189,+164
Tue Dec 7 2021,Brooklyn Nets,102,Dallas Mavericks,99,-127,+110
Tue Dec 7 2021,New York Knicks,121,San Antonio Spurs,109,-123,+106
Tue Dec 7 2021,Boston Celtics,102,Los Angeles Lakers,117,+134,-151
Wed Dec 8 2021,Philadelphia 76ers,110,Charlotte Hornets,106,-252,+215
Wed Dec 8 2021,Chicago Bulls,92,Cleveland Cavaliers,115,+134,-151
Wed Dec 8 2021,Washington Wizards,119,Detroit Pistons,116,-207,+178
Wed Dec 8 2021,New York Knicks,102,Indiana Pacers,122,+172,-197
Wed Dec 8 2021,Milwaukee Bucks,104,Miami Heat,113,-268,+230
Wed Dec 8 2021,Oklahoma City Thunder,110,Toronto Raptors,109,+276,-331
Wed Dec 8 2021,Brooklyn Nets,104,Houston Rockets,114,-165,+146
Wed Dec 8 2021,Dallas Mavericks,104,Memphis Grizzlies,96,-102,-116
Wed Dec 8 2021,Utah Jazz,136,Minnesota Timberwolves,104,-268,+233
Wed Dec 8 2021,Denver Nuggets,120,New Orleans Pelicans,114,-129,+111
Wed Dec 8 2021,Portland Trail Blazers,94,Golden State Warriors,104,+1016,-1612
Wed Dec 8 2021,Orlando Magic,130,Sacramento Kings,142,+255,-304
Wed Dec 8 2021,Boston Celtics,111,Los Angeles Clippers,114,+103,-120
Thu Dec 9 2021,Utah Jazz,118,Philadelphia 76ers,96,-147,+130
Thu Dec 9 2021,Los Angeles Lakers,95,Memphis Grizzlies,108,-177,+159
Thu Dec 9 2021,Denver Nuggets,111,San Antonio Spurs,123,+116,-134
Fri Dec 10 2021,Sacramento Kings,123,Charlotte Hornets,124,-124,+107
Fri Dec 10 2021,Dallas Mavericks,93,Indiana Pacers,106,+111,-128
Fri Dec 10 2021,Brooklyn Nets,113,Atlanta Hawks,105,+110,-127
Fri Dec 10 2021,New York Knicks,87,Toronto Raptors,90,+106,-123
Fri Dec 10 2021,Milwaukee Bucks,123,Houston Rockets,114,-435,+340
Fri Dec 10 2021,Cleveland Cavaliers,123,Minnesota Timberwolves,106,-126,+109
Fri Dec 10 2021,Detroit Pistons,93,New Orleans Pelicans,109,+208,-246
Fri Dec 10 2021,Los Angeles Lakers,116,Oklahoma City Thunder,95,-168,+146
Fri Dec 10 2021,Boston Celtics,90,Phoenix Suns,111,+139,-156
Sat Dec 11 2021,Orlando Magic,104,Los Angeles Clippers,106,+302,-376
Sat Dec 11 2021,Utah Jazz,123,Washington Wizards,98,-281,+239
Sat Dec 11 2021,Sacramento Kings,103,Cleveland Cavaliers,117,+216,-252
Sat Dec 11 2021,Houston Rockets,106,Memphis Grizzlies,113,+291,-347
Sat Dec 11 2021,Chicago Bulls,92,Miami Heat,118,-125,+108
Sat Dec 11 2021,Golden State Warriors,93,Philadelphia 76ers,102,-156,+138
Sat Dec 11 2021,Denver Nuggets,127,San Antonio Spurs,112,-112,-105
Sun Dec 12 2021,Milwaukee Bucks,112,New York Knicks,97,-242,+205
Sun Dec 12 2021,Brooklyn Nets,116,Detroit Pistons,104,-313,+264
Sun Dec 12 2021,Dallas Mavericks,103,Oklahoma City Thunder,84,-175,+156
Sun Dec 12 2021,New Orleans Pelicans,97,San Antonio Spurs,112,+112,-129
Sun Dec 12 2021,Minnesota Timberwolves,116,Portland Trail Blazers,111,+130,-147
Sun Dec 12 2021,Orlando Magic,94,Los Angeles Lakers,106,+382,-479
Mon Dec 13 2021,Miami Heat,94,Cleveland Cavaliers,105,+183,-213
Mon Dec 13 2021,Golden State Warriors,102,Indiana Pacers,100,-179,+156
Mon Dec 13 2021,Sacramento Kings,101,Toronto Raptors,124,+161,-184
Mon Dec 13 2021,Houston Rockets,132,Atlanta Hawks,126,+401,-543
Mon Dec 13 2021,Milwaukee Bucks,103,Boston Celtics,117,-116,-102
Mon Dec 13 2021,Philadelphia 76ers,91,Memphis Grizzlies,126,-123,+106
Mon Dec 13 2021,Charlotte Hornets,96,Dallas Mavericks,120,+126,-144
Mon Dec 13 2021,Washington Wizards,107,Denver Nuggets,113,+142,-161
Mon Dec 13 2021,Phoenix Suns,95,Los Angeles Clippers,111,-155,+137
Tue Dec 14 2021,Toronto Raptors,129,Brooklyn Nets,131,+150,-171
Tue Dec 14 2021,Golden State Warriors,105,New York Knicks,96,-235,+199
Tue Dec 14 2021,Phoenix Suns,111,Portland Trail Blazers,107,-118,+101
Wed Dec 15 2021,Houston Rockets,89,Cleveland Cavaliers,124,+351,-439
Wed Dec 15 2021,Atlanta Hawks,111,Orlando Magic,99,-384,+304
Wed Dec 15 2021,Miami Heat,101,Philadelphia 76ers,96,+272,-323
Wed Dec 15 2021,Los Angeles Lakers,107,Dallas Mavericks,104,-166,+145
Wed Dec 15 2021,Indiana Pacers,99,Milwaukee Bucks,114,-160,+136
Wed Dec 15 2021,New Orleans Pelicans,113,Oklahoma City Thunder,110,-182,+159
Wed Dec 15 2021,Charlotte Hornets,131,San Antonio Spurs,115,+127,-144
Wed Dec 15 2021,Minnesota Timberwolves,124,Denver Nuggets,107,+156,-174
Wed Dec 15 2021,Memphis Grizzlies,113,Portland Trail Blazers,103,-113,-103
Wed Dec 15 2021,Washington Wizards,105,Sacramento Kings,119,-131,+114
Wed Dec 15 2021,Los Angeles Clippers,103,Utah Jazz,124,+593,-829
Thu Dec 16 2021,Detroit Pistons,113,Indiana Pacers,122,+417,-531
Thu Dec 16 2021,Philadelphia 76ers,105,Brooklyn Nets,114,-139,+123
Thu Dec 16 2021,New York Knicks,116,Houston Rockets,103,-214,+187
Thu Dec 16 2021,Washington Wizards,98,Phoenix Suns,118,+325,-414
Fri Dec 17 2021,Miami Heat,115,Orlando Magic,105,-398,+327
Fri Dec 17 2021,Denver Nuggets,133,Atlanta Hawks,115,+141,-159
Fri Dec 17 2021,Golden State Warriors,111,Boston Celtics,107,-183,+161
Fri Dec 17 2021,Milwaukee Bucks,112,New Orleans Pelicans,116,+103,-119
Fri Dec 17 2021,San Antonio Spurs,128,Utah Jazz,126,+499,-706
Fri Dec 17 2021,Los Angeles Lakers,92,Minnesota Timberwolves,110,-122,+106
Fri Dec 17 2021,Charlotte Hornets,116,Portland Trail Blazers,125,+106,-123
Fri Dec 17 2021,Memphis Grizzlies,124,Sacramento Kings,105,-271,+234
Sat Dec 18 2021,Houston Rockets,116,Detroit Pistons,107,-116,-101
Sat Dec 18 2021,New York Knicks,107,Boston Celtics,114,+201,-235
Sat Dec 18 2021,Orlando Magic,100,Brooklyn Nets,93,+179,-211
Sat Dec 18 2021,Golden State Warriors,100,Toronto Raptors,119,+279,-342
Sat Dec 18 2021,Los Angeles Clippers,103,Oklahoma City Thunder,104,-189,+165
Sat Dec 18 2021,Cleveland Cavaliers,119,Milwaukee Bucks,90,-228,+194
Sat Dec 18 2021,Washington Wizards,109,Utah Jazz,103,+366,-476
Sun Dec 19 2021,Miami Heat,90,Detroit Pistons,100,-260,+221
Sun Dec 19 2021,Portland Trail Blazers,105,Memphis Grizzlies,100,+160,-181
Sun Dec 19 2021,San Antonio Spurs,114,Sacramento Kings,121,-197,+172
Sun Dec 19 2021,Los Angeles Lakers,110,Chicago Bulls,115,+240,-281
Sun Dec 19 2021,Dallas Mavericks,105,Minnesota Timberwolves,111,+146,-164
Sun Dec 19 2021,Charlotte Hornets,106,Phoenix Suns,137,+306,-374
Mon Dec 20 2021,Philadelphia 76ers,108,Boston Celtics,103,+136,-156
Mon Dec 20 2021,Houston Rockets,118,Chicago Bulls,133,+253,-305
Mon Dec 20 2021,Oklahoma City Thunder,102,Memphis Grizzlies,99,+334,-432
Mon Dec 20 2021,Charlotte Hornets,102,Utah Jazz,112,+611,-898
Mon Dec 20 2021,Sacramento Kings,98,Golden State Warriors,113,+626,-931
Mon Dec 20 2021,San Antonio Spurs,116,Los Angeles Clippers,92,+202,-241
Tue Dec 21 2021,Indiana Pacers,96,Miami Heat,125,-133,+116
Tue Dec 21 2021,Detroit Pistons,91,New York Knicks,105,+258,-315
Tue Dec 21 2021,Portland Trail Blazers,97,New Orleans Pelicans,111,-106,-111
Tue Dec 21 2021,Minnesota Timberwolves,102,Dallas Mavericks,114,-133,+117
Tue Dec 21 2021,Phoenix Suns,108,Los Angeles Lakers,90,-298,+247
Wed Dec 22 2021,Orlando Magic,104,Atlanta Hawks,98,+262,-317
Wed Dec 22 2021,Cleveland Cavaliers,101,Boston Celtics,111,+212,-248
Wed Dec 22 2021,Houston Rockets,106,Milwaukee Bucks,126,+327,-419
Wed Dec 22 2021,Denver Nuggets,94,Oklahoma City Thunder,108,-263,+226
Wed Dec 22 2021,Los Angeles Clippers,105,Sacramento Kings,89,-179,+160
Thu Dec 23 2021,Houston Rockets,106,Indiana Pacers,118,+221,-262
Thu Dec 23 2021,New Orleans Pelicans,110,Orlando Magic,104,-191,+166
Thu Dec 23 2021,Atlanta Hawks,98,Philadelphia 76ers,96,+466,-672
Thu Dec 23 2021,Detroit Pistons,112,Miami Heat,115,+561,-815
Thu Dec 23 2021,Washington Wizards,124,New York Knicks,117,+133,-151
Thu Dec 23 2021,Milwaukee Bucks,102,Dallas Mavericks,95,-164,+144
Thu Dec 23 2021,Charlotte Hornets,115,Denver Nuggets,107,+119,-137
Thu Dec 23 2021,Oklahoma City Thunder,101,Phoenix Suns,113,+864,-1389
Thu Dec 23 2021,Minnesota Timberwolves,116,Utah Jazz,128,+892,-1533
Thu Dec 23 2021,Memphis Grizzlies,104,Golden State Warriors,113,+184,-218
Thu Dec 23 2021,San Antonio Spurs,138,Los Angeles Lakers,110,+105,-122
Sat Dec 25 2021,Atlanta Hawks,87,New York Knicks,101,+201,-237
Sat Dec 25 2021,Boston Celtics,113,Milwaukee Bucks,117,+265,-320
Sat Dec 25 2021,Golden State Warriors,116,Phoenix Suns,107,+202,-240
Sat Dec 25 2021,Brooklyn Nets,122,Los Angeles Lakers,115,+128,-147
Sat Dec 25 2021,Dallas Mavericks,116,Utah Jazz,120,+679,-1029
Sun Dec 26 2021,Orlando Magic,83,Miami Heat,93,+429,-581
Sun Dec 26 2021,Toronto Raptors,99,Cleveland Cavaliers,144,+309,-387
Sun Dec 26 2021,Memphis Grizzlies,127,Sacramento Kings,102,-136,+119
Sun Dec 26 2021,Philadelphia 76ers,117,Washington Wizards,96,-170,+148
Sun Dec 26 2021,New Orleans Pelicans,112,Oklahoma City Thunder,117,-122,+105
Sun Dec 26 2021,Detroit Pistons,109,San Antonio Spurs,144,+388,-521
Sun Dec 26 2021,Indiana Pacers,105,Chicago Bulls,113,+152,-174
Sun Dec 26 2021,Denver Nuggets,103,Los Angeles Clippers,100,-165,+144
Mon Dec 27 2021,Houston Rockets,99,Charlotte Hornets,123,+277,-346
Mon Dec 27 2021,Chicago Bulls,130,Atlanta Hawks,118,-166,+142
Mon Dec 27 2021,Boston Celtics,103,Minnesota Timberwolves,108,-210,+178
Mon Dec 27 2021,Utah Jazz,110,San Antonio Spurs,104,-284,+239
Mon Dec 27 2021,Memphis Grizzlies,114,Phoenix Suns,113,+264,-323
Mon Dec 27 2021,Dallas Mavericks,132,Portland Trail Blazers,117,+132,-149
Mon Dec 27 2021,Brooklyn Nets,124,Los Angeles Clippers,108,-170,+149
Tue Dec 28 2021,Milwaukee Bucks,127,Orlando Magic,110,-1398,+855
Tue Dec 28 2021,Washington Wizards,112,Miami Heat,119,+275,-337
Tue Dec 28 2021,Philadelphia 76ers,114,Toronto Raptors,109,-249,+209
Tue Dec 28 2021,Los Angeles Lakers,132,Houston Rockets,123,-241,+204
Tue Dec 28 2021,New York Knicks,96,Minnesota Timberwolves,88,-208,+178
Tue Dec 28 2021,Cleveland Cavaliers,104,New Orleans Pelicans,108,-191,+165
Tue Dec 28 2021,Denver Nuggets,89,Golden State Warriors,86,+285,-347
Tue Dec 28 2021,Oklahoma City Thunder,111,Sacramento Kings,117,+190,-223
Wed Dec 29 2021,New York Knicks,94,Detroit Pistons,85,-363,+291
Wed Dec 29 2021,Charlotte Hornets,116,Indiana Pacers,108,+142,-163
Wed Dec 29 2021,Los Angeles Clippers,91,Boston Celtics,82,+204,-240
Wed Dec 29 2021,Atlanta Hawks,117,Chicago Bulls,131,+284,-346
Wed Dec 29 2021,Los Angeles Lakers,99,Memphis Grizzlies,104,+191,-229
Wed Dec 29 2021,Oklahoma City Thunder,97,Phoenix Suns,115,+1039,-1646
Wed Dec 29 2021,Utah Jazz,120,Portland Trail Blazers,105,-311,+259
Wed Dec 29 2021,Dallas Mavericks,94,Sacramento Kings,95,-112,-105
Thu Dec 30 2021,Philadelphia 76ers,110,Brooklyn Nets,102,+179,-212
Thu Dec 30 2021,Milwaukee Bucks,136,Orlando Magic,118,-1212,+780
Thu Dec 30 2021,Cleveland Cavaliers,93,Washington Wizards,110,+150,-171
Fri Dec 31 2021,Phoenix Suns,108,Boston Celtics,123,-165,+144
Fri Dec 31 2021,Chicago Bulls,108,Indiana Pacers,106,-160,+139
Fri Dec 31 2021,Dallas Mavericks,112,Sacramento Kings,96,-116,-102
Fri Dec 31 2021,Miami Heat,120,Houston Rockets,110,-202,+173
Fri Dec 31 2021,Atlanta Hawks,121,Cleveland Cavaliers,118,+107,-125
Fri Dec 31 2021,Los Angeles Clippers,108,Toronto Raptors,116,+224,-263
Fri Dec 31 2021,San Antonio Spurs,105,Memphis Grizzlies,118,+191,-226
Fri Dec 31 2021,New York Knicks,80,Oklahoma City Thunder,95,-145,+126
Fri Dec 31 2021,Minnesota Timberwolves,108,Utah Jazz,120,+586,-873
Fri Dec 31 2021,Portland Trail Blazers,106,Los Angeles Lakers,139,+200,-234
Sat Jan 1 2022,New Orleans Pelicans,113,Milwaukee Bucks,136,+610,-897
Sat Jan 1 2022,San Antonio Spurs,116,Detroit Pistons,117,-266,+224
Sat Jan 1 2022,Chicago Bulls,120,Washington Wizards,119,-134,+117
Sat Jan 1 2022,Los Angeles Clippers,120,Brooklyn Nets,116,+711,-1071
Sat Jan 1 2022,Denver Nuggets,124,Houston Rockets,111,-317,+261
Sat Jan 1 2022,Golden State Warriors,123,Utah Jazz,116,+176,-208
Sun Jan 2 2022,New York Knicks,105,Toronto Raptors,120,+284,-351
Sun Jan 2 2022,Orlando Magic,111,Boston Celtics,116,+414,-558
Sun Jan 2 2022,Indiana Pacers,104,Cleveland Cavaliers,108,+158,-180
Sun Jan 2 2022,Miami Heat,113,Sacramento Kings,115,-166,+143
Sun Jan 2 2022,Phoenix Suns,133,Charlotte Hornets,99,-126,+109
Sun Jan 2 2022,Dallas Mavericks,95,Oklahoma City Thunder,86,-539,+403
Sun Jan 2 2022,Minnesota Timberwolves,103,Los Angeles Lakers,108,+271,-345
Mon Jan 3 2022,Houston Rockets,113,Philadelphia 76ers,133,+708,-1047
Mon Jan 3 2022,Charlotte Hornets,121,Washington Wizards,124,+109,-127
Mon Jan 3 2022,Memphis Grizzlies,118,Brooklyn Nets,104,+213,-259
Mon Jan 3 2022,Orlando Magic,98,Chicago Bulls,102,+727,-1118
Mon Jan 3 2022,Detroit Pistons,115,Milwaukee Bucks,106,+1119,-1925
Mon Jan 3 2022,Utah Jazz,115,New Orleans Pelicans,104,-407,+308
Mon Jan 3 2022,Denver Nuggets,89,Dallas Mavericks,103,+126,-144
Mon Jan 3 2022,Miami Heat,108,Golden State Warriors,115,+429,-581
Mon Jan 3 2022,Atlanta Hawks,131,Portland Trail Blazers,136,-177,+156
Mon Jan 3 2022,Minnesota Timberwolves,122,Los Angeles Clippers,104,+141,-162
Tue Jan 4 2022,Memphis Grizzlies,110,Cleveland Cavaliers,106,+134,-155
Tue Jan 4 2022,San Antonio Spurs,104,Toronto Raptors,129,+242,-288
Tue Jan 4 2022,Indiana Pacers,94,New York Knicks,104,+139,-160
Tue Jan 4 2022,Phoenix Suns,123,New Orleans Pelicans,110,-279,+235
Tue Jan 4 2022,Sacramento Kings,114,Los Angeles Lakers,122,+215,-249
Wed Jan 5 2022,Detroit Pistons,111,Charlotte Hornets,140,+418,-571
Wed Jan 5 2022,Philadelphia 76ers,116,Orlando Magic,106,-388,+303
Wed Jan 5 2022,Houston Rockets,114,Washington Wizards,111,+257,-311
Wed Jan 5 2022,San Antonio Spurs,99,Boston Celtics,97,+261,-321
Wed Jan 5 2022,Golden State Warriors,82,Dallas Mavericks,99,-185,+162
Wed Jan 5 2022,Brooklyn Nets,129,Indiana Pacers,121,-389,+313
Wed Jan 5 2022,Toronto Raptors,117,Milwaukee Bucks,111,+116,-134
Wed Jan 5 2022,Oklahoma City Thunder,90,Minnesota Timberwolves,98,+338,-433
Wed Jan 5 2022,Utah Jazz,115,Denver Nuggets,109,-106,-111
Wed Jan 5 2022,Miami Heat,115,Portland Trail Blazers,109,-142,+124
Wed Jan 5 2022,Atlanta Hawks,108,Sacramento Kings,102,+105,-122
Thu Jan 6 2022,Boston Celtics,105,New York Knicks,108,-135,+117
Thu Jan 6 2022,Detroit Pistons,88,Memphis Grizzlies,118,+703,-1067
Thu Jan 6 2022,Golden State Warriors,96,New Orleans Pelicans,101,-102,-115
Thu Jan 6 2022,Los Angeles Clippers,89,Phoenix Suns,106,+441,-622
Fri Jan 7 2022,San Antonio Spurs,100,Philadelphia 76ers,119,+297,-368
Fri Jan 7 2022,Milwaukee Bucks,121,Brooklyn Nets,109,+163,-186
Fri Jan 7 2022,Utah Jazz,108,Toronto Raptors,122,+717,-1028
Fri Jan 7 2022,Washington Wizards,122,Chicago Bulls,130,+194,-224
Fri Jan 7 2022,Dallas Mavericks,130,Houston Rockets,106,-154,+137
Fri Jan 7 2022,Minnesota Timberwolves,135,Oklahoma City Thunder,105,-198,+170
Fri Jan 7 2022,Sacramento Kings,111,Denver Nuggets,121,+273,-325
Fri Jan 7 2022,Atlanta Hawks,118,Los Angeles Lakers,134,+101,-118
Fri Jan 7 2022,Cleveland Cavaliers,114,Portland Trail Blazers,101,-239,+203
Sat Jan 8 2022,Memphis Grizzlies,123,Los Angeles Clippers,108,-131,+114
Sat Jan 8 2022,Milwaukee Bucks,106,Charlotte Hornets,114,+105,-122
Sat Jan 8 2022,Orlando Magic,92,Detroit Pistons,97,+103,-120
Sat Jan 8 2022,Utah Jazz,113,Indiana Pacers,125,-191,+166
Sat Jan 8 2022,New York Knicks,75,Boston Celtics,99,+281,-336
Sat Jan 8 2022,Miami Heat,123,Phoenix Suns,100,+393,-493
Sun Jan 9 2022,San Antonio Spurs,119,Brooklyn Nets,121,+358,-474
Sun Jan 9 2022,Atlanta Hawks,93,Los Angeles Clippers,106,-175,+154
Sun Jan 9 2022,Washington Wizards,102,Orlando Magic,100,-296,+249
Sun Jan 9 2022,New Orleans Pelicans,101,Toronto Raptors,105,+237,-288
Sun Jan 9 2022,Minnesota Timberwolves,141,Houston Rockets,123,-269,+228
Sun Jan 9 2022,Denver Nuggets,99,Oklahoma City Thunder,95,-272,+229
Sun Jan 9 2022,Chicago Bulls,99,Dallas Mavericks,113,+116,-134
Sun Jan 9 2022,Cleveland Cavaliers,82,Golden State Warriors,96,+253,-310
Sun Jan 9 2022,Sacramento Kings,88,Portland Trail Blazers,103,-123,+106
Sun Jan 9 2022,Memphis Grizzlies,127,Los Angeles Lakers,119,+136,-156
Mon Jan 10 2022,Milwaukee Bucks,99,Charlotte Hornets,103,-143,+124
Mon Jan 10 2022,Utah Jazz,116,Detroit Pistons,126,-655,+464
Mon Jan 10 2022,Indiana Pacers,98,Boston Celtics,101,+313,-391
Mon Jan 10 2022,San Antonio Spurs,96,New York Knicks,111,+206,-244
Mon Jan 10 2022,Philadelphia 76ers,111,Houston Rockets,91,-508,+377
Mon Jan 10 2022,Brooklyn Nets,108,Portland Trail Blazers,114,-376,+302
Mon Jan 10 2022,Cleveland Cavaliers,109,Sacramento Kings,108,-210,+181
Tue Jan 11 2022,Oklahoma City Thunder,118,Washington Wizards,122,+239,-278
Tue Jan 11 2022,Phoenix Suns,99,Toronto Raptors,95,-178,+156
Tue Jan 11 2022,Detroit Pistons,87,Chicago Bulls,133,+731,-1141
Tue Jan 11 2022,Golden State Warriors,108,Memphis Grizzlies,116,-134,+117
Tue Jan 11 2022,Minnesota Timberwolves,125,New Orleans Pelicans,128,-156,+137
Tue Jan 11 2022,Denver Nuggets,85,Los Angeles Clippers,87,-145,+128
Wed Jan 12 2022,Boston Celtics,119,Indiana Pacers,100,-101,-116
Wed Jan 12 2022,Charlotte Hornets,109,Philadelphia 76ers,98,+185,-212
Wed Jan 12 2022,Orlando Magic,106,Washington Wizards,112,+219,-260
Wed Jan 12 2022,Miami Heat,115,Atlanta Hawks,91,+122,-142
Wed Jan 12 2022,Dallas Mavericks,85,New York Knicks,108,-138,+121
Wed Jan 12 2022,Houston Rockets,128,San Antonio Spurs,124,+250,-297
Wed Jan 12 2022,Cleveland Cavaliers,111,Utah Jazz,91,+171,-197
Wed Jan 12 2022,Brooklyn Nets,138,Chicago Bulls,112,-120,+103
Wed Jan 12 2022,Los Angeles Lakers,116,Sacramento Kings,125,-164,+143
Thu Jan 13 2022,Golden State Warriors,99,Milwaukee Bucks,118,-102,-115
Thu Jan 13 2022,Minnesota Timberwolves,108,Memphis Grizzlies,116,+148,-172
Thu Jan 13 2022,Los Angeles Clippers,89,New Orleans Pelicans,113,+146,-166
Thu Jan 13 2022,Oklahoma City Thunder,130,Brooklyn Nets,109,+223,-259
Thu Jan 13 2022,Portland Trail Blazers,108,Denver Nuggets,140,+447,-589
Fri Jan 14 2022,Orlando Magic,116,Charlotte Hornets,109,+490,-647
Fri Jan 14 2022,Toronto Raptors,87,Detroit Pistons,103,-421,+342
Fri Jan 14 2022,Phoenix Suns,112,Indiana Pacers,94,-231,+200
Fri Jan 14 2022,Boston Celtics,99,Philadelphia 76ers,111,+133,-148
Fri Jan 14 2022,Golden State Warriors,138,Chicago Bulls,96,+122,-138
Fri Jan 14 2022,Atlanta Hawks,118,Miami Heat,124,+184,-212
Fri Jan 14 2022,Cleveland Cavaliers,114,San Antonio Spurs,109,-152,+135
Fri Jan 14 2022,Dallas Mavericks,112,Memphis Grizzlies,85,+122,-138
Fri Jan 14 2022,Houston Rockets,114,Sacramento Kings,126,+177,-202
Sat Jan 15 2022,Toronto Raptors,103,Milwaukee Bucks,96,+270,-319
Sat Jan 15 2022,Portland Trail Blazers,115,Washington Wizards,110,+252,-299
Sat Jan 15 2022,New York Knicks,117,Atlanta Hawks,108,+104,-120
Sat Jan 15 2022,New Orleans Pelicans,105,Brooklyn Nets,120,+189,-218
Sat Jan 15 2022,Philadelphia 76ers,109,Miami Heat,98,+138,-153
Sat Jan 15 2022,Cleveland Cavaliers,107,Oklahoma City Thunder,102,-196,+172
Sat Jan 15 2022,Chicago Bulls,112,Boston Celtics,114,+256,-303
Sat Jan 15 2022,Los Angeles Clippers,94,San Antonio Spurs,101,+106,-122
Sat Jan 15 2022,Los Angeles Lakers,96,Denver Nuggets,133,+156,-179
Sat Jan 15 2022,Orlando Magic,92,Dallas Mavericks,108,+496,-676
Sun Jan 16 2022,Phoenix Suns,135,Detroit Pistons,108,-758,+517
Sun Jan 16 2022,Houston Rockets,118,Sacramento Kings,112,+163,-192
Sun Jan 16 2022,Utah Jazz,125,Denver Nuggets,102,-213,+184
Sun Jan 16 2022,Golden State Warriors,99,Minnesota Timberwolves,119,+163,-183
Mon Jan 17 2022,New Orleans Pelicans,92,Boston Celtics,104,+156,-174
Mon Jan 17 2022,Charlotte Hornets,97,New York Knicks,87,+127,-143
Mon Jan 17 2022,Philadelphia 76ers,98,Washington Wizards,117,-123,+108
Mon Jan 17 2022,Brooklyn Nets,107,Cleveland Cavaliers,114,+151,-168
Mon Jan 17 2022,Indiana Pacers,133,Los Angeles Clippers,139,+117,-133
Mon Jan 17 2022,Chicago Bulls,106,Memphis Grizzlies,119,+304,-360
Mon Jan 17 2022,Milwaukee Bucks,114,Atlanta Hawks,121,-196,+172
Mon Jan 17 2022,Portland Trail Blazers,98,Orlando Magic,88,-131,+114
Mon Jan 17 2022,Toronto Raptors,99,Miami Heat,104,+155,-173
Mon Jan 17 2022,Oklahoma City Thunder,102,Dallas Mavericks,104,+510,-689
Mon Jan 17 2022,Phoenix Suns,121,San Antonio Spurs,107,-168,+150
Mon Jan 17 2022,Utah Jazz,95,Los Angeles Lakers,101,-212,+184
Tue Jan 18 2022,Minnesota Timberwolves,112,New York Knicks,110,-162,+142
Tue Jan 18 2022,Detroit Pistons,86,Golden State Warriors,102,+986,-1726
Wed Jan 19 2022,Orlando Magic,110,Philadelphia 76ers,123,+553,-754
Wed Jan 19 2022,Brooklyn Nets,119,Washington Wizards,118,-102,-118
Wed Jan 19 2022,Minnesota Timberwolves,122,Atlanta Hawks,134,+102,-118
Wed Jan 19 2022,Charlotte Hornets,111,Boston Celtics,102,+126,-144
Wed Jan 19 2022,Portland Trail Blazers,92,Miami Heat,104,+356,-438
Wed Jan 19 2022,Cleveland Cavaliers,104,Chicago Bulls,117,-152,+134
Wed Jan 19 2022,Memphis Grizzlies,114,Milwaukee Bucks,126,+218,-256
Wed Jan 19 2022,Toronto Raptors,98,Dallas Mavericks,102,+149,-171
Wed Jan 19 2022,Oklahoma City Thunder,96,San Antonio Spurs,118,+230,-271
Wed Jan 19 2022,Houston Rockets,116,Utah Jazz,111,+669,-958
Wed Jan 19 2022,Los Angeles Clippers,128,Denver Nuggets,130,+324,-394
Wed Jan 19 2022,Detroit Pistons,133,Sacramento Kings,131,+249,-293
Wed Jan 19 2022,Indiana Pacers,111,Los Angeles Lakers,104,+154,-178
Thu Jan 20 2022,Phoenix Suns,109,Dallas Mavericks,101,-131,+113
Thu Jan 20 2022,New Orleans Pelicans,102,New York Knicks,91,+148,-170
Thu Jan 20 2022,Indiana Pacers,121,Golden State Warriors,117,+962,-1505
Fri Jan 21 2022,Oklahoma City Thunder,98,Charlotte Hornets,121,+319,-405
Fri Jan 21 2022,Los Angeles Lakers,116,Orlando Magic,105,-198,+170
Fri Jan 21 2022,Los Angeles Clippers,102,Philadelphia 76ers,101,+268,-327
Fri Jan 21 2022,Miami Heat,108,Atlanta Hawks,110,+105,-125
Fri Jan 21 2022,Portland Trail Blazers,109,Boston Celtics,105,+286,-351
Fri Jan 21 2022,Chicago Bulls,90,Milwaukee Bucks,94,+435,-594
Fri Jan 21 2022,Toronto Raptors,109,Washington Wizards,105,-119,+102
Fri Jan 21 2022,Brooklyn Nets,117,San Antonio Spurs,102,-118,+101
Fri Jan 21 2022,Memphis Grizzlies,122,Denver Nuggets,118,+140,-160
Fri Jan 21 2022,Detroit Pistons,101,Utah Jazz,111,+708,-1064
Fri Jan 21 2022,Houston Rockets,103,Golden State Warriors,105,+489,-683
Sat Jan 22 2022,Sacramento Kings,127,Milwaukee Bucks,133,+301,-389
Sat Jan 22 2022,Oklahoma City Thunder,87,Cleveland Cavaliers,94,+571,-839
Sat Jan 22 2022,Indiana Pacers,103,Phoenix Suns,113,+618,-921
Sun Jan 23 2022,Los Angeles Clippers,102,New York Knicks,110,+149,-171
Sun Jan 23 2022,Boston Celtics,116,Washington Wizards,87,-130,+113
Sun Jan 23 2022,Los Angeles Lakers,107,Miami Heat,113,+139,-157
Sun Jan 23 2022,Chicago Bulls,95,Orlando Magic,114,-158,+139
Sun Jan 23 2022,Portland Trail Blazers,114,Toronto Raptors,105,+278,-341
Sun Jan 23 2022,Atlanta Hawks,113,Charlotte Hornets,91,+114,-131
Sun Jan 23 2022,Philadelphia 76ers,115,San Antonio Spurs,109,-118,+101
Sun Jan 23 2022,Memphis Grizzlies,91,Dallas Mavericks,104,+147,-169
Sun Jan 23 2022,Detroit Pistons,111,Denver Nuggets,117,+509,-733
Sun Jan 23 2022,Brooklyn Nets,125,Minnesota Timberwolves,136,+127,-145
Sun Jan 23 2022,Utah Jazz,92,Golden State Warriors,94,+116,-133
Mon Jan 24 2022,New York Knicks,93,Cleveland Cavaliers,95,+165,-191
Mon Jan 24 2022,Indiana Pacers,113,New Orleans Pelicans,117,+146,-167
Mon Jan 24 2022,Chicago Bulls,111,Oklahoma City Thunder,110,-117,+100
Mon Jan 24 2022,Utah Jazz,109,Phoenix Suns,115,+546,-784
Tue Jan 25 2022,Denver Nuggets,110,Detroit Pistons,105,-285,+236
Tue Jan 25 2022,New Orleans Pelicans,107,Philadelphia 76ers,117,+458,-637
Tue Jan 25 2022,Charlotte Hornets,113,Toronto Raptors,125,-116,-101
Tue Jan 25 2022,Los Angeles Clippers,116,Washington Wizards,115,+171,-200
Tue Jan 25 2022,Sacramento Kings,75,Boston Celtics,128,+341,-434
Tue Jan 25 2022,Los Angeles Lakers,106,Brooklyn Nets,96,-169,+147
Tue Jan 25 2022,San Antonio Spurs,134,Houston Rockets,104,-187,+163
Tue Jan 25 2022,Dallas Mavericks,92,Golden State Warriors,130,+144,-164
Tue Jan 25 2022,Minnesota Timberwolves,109,Portland Trail Blazers,107,-147,+128
Wed Jan 26 2022,Milwaukee Bucks,99,Cleveland Cavaliers,115,-170,+151
Wed Jan 26 2022,Charlotte Hornets,158,Indiana Pacers,126,-132,+114
Wed Jan 26 2022,Los Angeles Clippers,111,Orlando Magic,102,+102,-119
Wed Jan 26 2022,Sacramento Kings,104,Atlanta Hawks,121,+429,-566
Wed Jan 26 2022,New York Knicks,96,Miami Heat,110,+204,-238
Wed Jan 26 2022,Denver Nuggets,124,Brooklyn Nets,118,-211,+184
Wed Jan 26 2022,Toronto Raptors,105,Chicago Bulls,111,+159,-177
Wed Jan 26 2022,Memphis Grizzlies,118,San Antonio Spurs,110,-171,+150
Wed Jan 26 2022,Dallas Mavericks,132,Portland Trail Blazers,112,-191,+166
Wed Jan 26 2022,Phoenix Suns,105,Utah Jazz,97,-108,-109
Thu Jan 27 2022,Los Angeles Lakers,87,Philadelphia 76ers,105,+188,-218
Thu Jan 27 2022,Minnesota Timberwolves,115,Golden State Warriors,124,+214,-253
Fri Jan 28 2022,Detroit Pistons,103,Orlando Magic,119,+137,-156
Fri Jan 28 2022,Boston Celtics,92,Atlanta Hawks,108,+104,-121
Fri Jan 28 2022,Los Angeles Lakers,114,Charlotte Hornets,117,+322,-402
Fri Jan 28 2022,Portland Trail Blazers,125,Houston Rockets,110,-146,+127
Fri Jan 28 2022,Utah Jazz,109,Memphis Grizzlies,119,+170,-196
Fri Jan 28 2022,Los Angeles Clippers,114,Miami Heat,121,+284,-348
Fri Jan 28 2022,Denver Nuggets,116,New Orleans Pelicans,105,-171,+149
Fri Jan 28 2022,Indiana Pacers,113,Oklahoma City Thunder,110,-122,+104
Fri Jan 28 2022,Chicago Bulls,122,San Antonio Spurs,131,+107,-124
Fri Jan 28 2022,Minnesota Timberwolves,124,Phoenix Suns,134,+278,-338
Fri Jan 28 2022,New York Knicks,108,Milwaukee Bucks,123,+324,-405
Sat Jan 29 2022,Indiana Pacers,105,Dallas Mavericks,132,+411,-544
Sat Jan 29 2022,Boston Celtics,107,New Orleans Pelicans,97,-261,+218
Sat Jan 29 2022,Sacramento Kings,101,Philadelphia 76ers,103,+438,-616
Sat Jan 29 2022,Washington Wizards,95,Memphis Grizzlies,115,+193,-228
Sat Jan 29 2022,Toronto Raptors,124,Miami Heat,120,+123,-142
Sat Jan 29 2022,Brooklyn Nets,106,Golden State Warriors,110,+409,-544
Sun Jan 30 2022,Los Angeles Lakers,121,Atlanta Hawks,129,+244,-294
Sun Jan 30 2022,Los Angeles Clippers,115,Charlotte Hornets,90,+205,-242
Sun Jan 30 2022,Portland Trail Blazers,116,Chicago Bulls,130,+174,-209
Sun Jan 30 2022,Cleveland Cavaliers,105,Detroit Pistons,115,-331,+271
Sun Jan 30 2022,Denver Nuggets,136,Milwaukee Bucks,100,+211,-248
Sun Jan 30 2022,Dallas Mavericks,108,Orlando Magic,110,-208,+174
Sun Jan 30 2022,Utah Jazz,106,Minnesota Timberwolves,126,+113,-129
Sun Jan 30 2022,San Antonio Spurs,110,Phoenix Suns,115,+673,-1038
Mon Jan 31 2022,New Orleans Pelicans,90,Cleveland Cavaliers,93,+167,-191
Mon Jan 31 2022,Los Angeles Clippers,116,Indiana Pacers,122,-109,-109
Mon Jan 31 2022,Memphis Grizzlies,119,Philadelphia 76ers,122,-165,+144
Mon Jan 31 2022,Toronto Raptors,106,Atlanta Hawks,100,-130,+113
Mon Jan 31 2022,Miami Heat,92,Boston Celtics,122,+213,-253
Mon Jan 31 2022,Sacramento Kings,96,New York Knicks,116,+234,-277
Mon Jan 31 2022,Golden State Warriors,122,Houston Rockets,108,-531,+414
Mon Jan 31 2022,Portland Trail Blazers,81,Oklahoma City Thunder,98,-162,+142
Tue Feb 1 2022,New Orleans Pelicans,111,Detroit Pistons,101,-133,+116
Tue Feb 1 2022,Washington Wizards,98,Milwaukee Bucks,112,+506,-719
Tue Feb 1 2022,Miami Heat,106,Toronto Raptors,110,+107,-124
Tue Feb 1 2022,Orlando Magic,115,Chicago Bulls,126,+294,-367
Tue Feb 1 2022,Denver Nuggets,115,Minnesota Timberwolves,130,+104,-121
Tue Feb 1 2022,Golden State Warriors,124,San Antonio Spurs,120,+217,-257
Tue Feb 1 2022,Brooklyn Nets,111,Phoenix Suns,121,+239,-284
Wed Feb 2 2022,Orlando Magic,119,Indiana Pacers,118,+144,-164
Wed Feb 2 2022,Washington Wizards,106,Philadelphia 76ers,103,+402,-537
Wed Feb 2 2022,Charlotte Hornets,107,Boston Celtics,113,+213,-253
Wed Feb 2 2022,Memphis Grizzlies,120,New York Knicks,108,-174,+153
Wed Feb 2 2022,Cleveland Cavaliers,104,Houston Rockets,115,-195,+168
Wed Feb 2 2022,Oklahoma City Thunder,120,Dallas Mavericks,114,+589,-860
Wed Feb 2 2022,Brooklyn Nets,101,Sacramento Kings,112,-209,+178
Wed Feb 2 2022,Denver Nuggets,104,Utah Jazz,108,+210,-250
Wed Feb 2 2022,Portland Trail Blazers,94,Los Angeles Lakers,99,+151,-173
Thu Feb 3 2022,Minnesota Timberwolves,128,Detroit Pistons,117,-321,+262
Thu Feb 3 2022,Miami Heat,112,San Antonio Spurs,95,-331,+271
Thu Feb 3 2022,Phoenix Suns,115,Atlanta Hawks,124,-162,+142
Thu Feb 3 2022,Chicago Bulls,120,Toronto Raptors,127,+161,-185
Thu Feb 3 2022,Sacramento Kings,114,Golden State Warriors,126,+743,-1202
Thu Feb 3 2022,Los Angeles Lakers,110,Los Angeles Clippers,111,+138,-156
Fri Feb 4 2022,Cleveland Cavaliers,102,Charlotte Hornets,101,+214,-254
Fri Feb 4 2022,Boston Celtics,102,Detroit Pistons,93,-532,+394
Fri Feb 4 2022,Chicago Bulls,122,Indiana Pacers,115,-121,+101
Fri Feb 4 2022,Atlanta Hawks,114,Toronto Raptors,125,+117,-138
Fri Feb 4 2022,Houston Rockets,106,San Antonio Spurs,131,+262,-318
Fri Feb 4 2022,New Orleans Pelicans,113,Denver Nuggets,105,+184,-222
Fri Feb 4 2022,Brooklyn Nets,102,Utah Jazz,125,+187,-223
Fri Feb 4 2022,Philadelphia 76ers,98,Dallas Mavericks,107,-117,-100
Fri Feb 4 2022,Oklahoma City Thunder,96,Portland Trail Blazers,93,+199,-235
Sat Feb 5 2022,Memphis Grizzlies,135,Orlando Magic,115,-359,+294
Sat Feb 5 2022,Miami Heat,104,Charlotte Hornets,86,-145,+126
Sat Feb 5 2022,Phoenix Suns,95,Washington Wizards,80,-346,+279
Sat Feb 5 2022,New York Knicks,115,Los Angeles Lakers,122,+177,-209
Sat Feb 5 2022,Milwaukee Bucks,137,Portland Trail Blazers,108,-569,+420
Sat Feb 5 2022,Oklahoma City Thunder,103,Sacramento Kings,113,+265,-328
Sun Feb 6 2022,Philadelphia 76ers,119,Chicago Bulls,108,-176,+154
Sun Feb 6 2022,Brooklyn Nets,104,Denver Nuggets,124,+292,-359
Sun Feb 6 2022,Detroit Pistons,105,Minnesota Timberwolves,118,+609,-909
Sun Feb 6 2022,Indiana Pacers,85,Cleveland Cavaliers,98,+234,-277
Sun Feb 6 2022,Atlanta Hawks,94,Dallas Mavericks,103,-117,-101
Sun Feb 6 2022,Boston Celtics,116,Orlando Magic,83,-457,+345
Sun Feb 6 2022,New Orleans Pelicans,120,Houston Rockets,107,-261,+221
Sun Feb 6 2022,Milwaukee Bucks,137,Los Angeles Clippers,113,-208,+179
Mon Feb 7 2022,Toronto Raptors,116,Charlotte Hornets,101,-115,-103
Mon Feb 7 2022,Miami Heat,121,Washington Wizards,100,-298,+246
Mon Feb 7 2022,Phoenix Suns,127,Chicago Bulls,124,-274,+223
Mon Feb 7 2022,Golden State Warriors,110,Oklahoma City Thunder,98,-864,+587
Mon Feb 7 2022,New York Knicks,104,Utah Jazz,113,+248,-300
Tue Feb 8 2022,Phoenix Suns,114,Philadelphia 76ers,109,+100,-117
Tue Feb 8 2022,Indiana Pacers,112,Atlanta Hawks,133,+572,-822
Tue Feb 8 2022,Boston Celtics,126,Brooklyn Nets,91,-464,+361
Tue Feb 8 2022,Los Angeles Clippers,109,Memphis Grizzlies,135,+275,-340
Tue Feb 8 2022,Houston Rockets,97,New Orleans Pelicans,110,+317,-427
Tue Feb 8 2022,Detroit Pistons,86,Dallas Mavericks,116,+438,-612
Tue Feb 8 2022,New York Knicks,115,Denver Nuggets,132,+321,-415
Tue Feb 8 2022,Milwaukee Bucks,131,Los Angeles Lakers,116,-167,+146
Tue Feb 8 2022,Orlando Magic,113,Portland Trail Blazers,95,-117,+100
Tue Feb 8 2022,Minnesota Timberwolves,134,Sacramento Kings,114,-328,+265
Wed Feb 9 2022,San Antonio Spurs,92,Cleveland Cavaliers,105,+208,-246
Wed Feb 9 2022,Chicago Bulls,121,Charlotte Hornets,109,-129,+109
Wed Feb 9 2022,Toronto Raptors,117,Oklahoma City Thunder,98,-559,+409
Wed Feb 9 2022,Los Angeles Lakers,105,Portland Trail Blazers,107,-455,+360
Wed Feb 9 2022,Minnesota Timberwolves,119,Sacramento Kings,132,-314,+260
Wed Feb 9 2022,Golden State Warriors,85,Utah Jazz,111,-101,-116
Thu Feb 10 2022,Memphis Grizzlies,132,Detroit Pistons,107,-758,+529
Thu Feb 10 2022,Miami Heat,112,New Orleans Pelicans,97,-171,+148
Thu Feb 10 2022,Brooklyn Nets,112,Washington Wizards,113,+101,-118
Thu Feb 10 2022,Toronto Raptors,139,Houston Rockets,120,-314,+257
Thu Feb 10 2022,Los Angeles Clippers,105,Dallas Mavericks,112,+211,-251
Thu Feb 10 2022,New York Knicks,116,Golden State Warriors,114,+344,-442
Thu Feb 10 2022,Milwaukee Bucks,107,Phoenix Suns,131,+134,-153
Fri Feb 11 2022,Charlotte Hornets,141,Detroit Pistons,119,-257,+217
Fri Feb 11 2022,Cleveland Cavaliers,120,Indiana Pacers,113,-249,+211
Fri Feb 11 2022,Oklahoma City Thunder,87,Philadelphia 76ers,100,+726,-1182
Fri Feb 11 2022,San Antonio Spurs,136,Atlanta Hawks,121,+324,-429
Fri Feb 11 2022,Denver Nuggets,102,Boston Celtics,108,+216,-257
Fri Feb 11 2022,Minnesota Timberwolves,122,Chicago Bulls,134,-107,-110
Fri Feb 11 2022,Orlando Magic,99,Utah Jazz,114,+601,-906
Sat Feb 12 2022,New York Knicks,103,Portland Trail Blazers,112,-182,+160
Sat Feb 12 2022,Memphis Grizzlies,125,Charlotte Hornets,118,-291,+238
Sat Feb 12 2022,San Antonio Spurs,124,New Orleans Pelicans,114,+205,-243
Sat Feb 12 2022,Sacramento Kings,123,Washington Wizards,110,-151,+131
Sat Feb 12 2022,Cleveland Cavaliers,93,Philadelphia 76ers,103,+125,-143
Sat Feb 12 2022,Denver Nuggets,110,Toronto Raptors,109,+178,-210
Sat Feb 12 2022,Oklahoma City Thunder,101,Chicago Bulls,106,+441,-586
Sat Feb 12 2022,Brooklyn Nets,111,Miami Heat,115,+504,-684
Sat Feb 12 2022,Los Angeles Clippers,99,Dallas Mavericks,97,+234,-278
Sat Feb 12 2022,Los Angeles Lakers,115,Golden State Warriors,117,+216,-258
Sat Feb 12 2022,Orlando Magic,105,Phoenix Suns,132,+1098,-1916
Sun Feb 13 2022,Atlanta Hawks,95,Boston Celtics,105,+216,-272
Sun Feb 13 2022,Minnesota Timberwolves,129,Indiana Pacers,120,-264,+209
Mon Feb 14 2022,Detroit Pistons,94,Washington Wizards,103,+140,-161
Mon Feb 14 2022,Sacramento Kings,85,Brooklyn Nets,109,-130,+111
Mon Feb 14 2022,Oklahoma City Thunder,127,New York Knicks,123,+401,-534
Mon Feb 14 2022,San Antonio Spurs,109,Chicago Bulls,120,+132,-153
Mon Feb 14 2022,Portland Trail Blazers,122,Milwaukee Bucks,107,+494,-696
Mon Feb 14 2022,Toronto Raptors,90,New Orleans Pelicans,120,-164,+144
Mon Feb 14 2022,Orlando Magic,111,Denver Nuggets,121,+496,-688
Mon Feb 14 2022,Houston Rockets,101,Utah Jazz,135,+979,-1606
Mon Feb 14 2022,Golden State Warriors,104,Los Angeles Clippers,119,-249,+210
Tue Feb 15 2022,Cleveland Cavaliers,116,Atlanta Hawks,124,+104,-122
Tue Feb 15 2022,Dallas Mavericks,107,Miami Heat,99,+167,-197
Tue Feb 15 2022,Boston Celtics,135,Philadelphia 76ers,87,-125,+108
Tue Feb 15 2022,Indiana Pacers,119,Milwaukee Bucks,128,+659,-1038
Tue Feb 15 2022,Charlotte Hornets,120,Minnesota Timberwolves,126,+213,-252
Tue Feb 15 2022,Memphis Grizzlies,121,New Orleans Pelicans,109,-163,+142
Tue Feb 15 2022,Los Angeles Clippers,96,Phoenix Suns,103,+628,-922
Wed Feb 16 2022,Atlanta Hawks,130,Orlando Magic,109,-226,+191
Wed Feb 16 2022,Detroit Pistons,112,Boston Celtics,111,+591,-838
Wed Feb 16 2022,Washington Wizards,108,Indiana Pacers,113,-103,-114
Wed Feb 16 2022,Brooklyn Nets,111,New York Knicks,106,+165,-190
Wed Feb 16 2022,Sacramento Kings,118,Chicago Bulls,125,+192,-230
Wed Feb 16 2022,Portland Trail Blazers,123,Memphis Grizzlies,119,+567,-821
Wed Feb 16 2022,Toronto Raptors,103,Minnesota Timberwolves,91,-113,-104
Wed Feb 16 2022,San Antonio Spurs,114,Oklahoma City Thunder,106,-352,+284
Wed Feb 16 2022,Houston Rockets,121,Phoenix Suns,124,+1059,-1820
Wed Feb 16 2022,Denver Nuggets,117,Golden State Warriors,116,+177,-207
Wed Feb 16 2022,Utah Jazz,101,Los Angeles Lakers,106,-168,+145
Thu Feb 17 2022,Miami Heat,111,Charlotte Hornets,107,-176,+157
Thu Feb 17 2022,Washington Wizards,117,Brooklyn Nets,103,+164,-188
Thu Feb 17 2022,Dallas Mavericks,125,New Orleans Pelicans,118,-139,+121
Thu Feb 17 2022,Philadelphia 76ers,123,Milwaukee Bucks,120,+223,-262
Thu Feb 17 2022,Houston Rockets,111,Los Angeles Clippers,142,+429,-576
Thu Feb 24 2022,Cleveland Cavaliers,103,Detroit Pistons,106,-219,+184
Thu Feb 24 2022,Boston Celtics,129,Brooklyn Nets,106,-413,+324
Thu Feb 24 2022,Atlanta Hawks,108,Chicago Bulls,112,+131,-150
Thu Feb 24 2022,Memphis Grizzlies,114,Minnesota Timberwolves,119,-132,+115
Thu Feb 24 2022,Phoenix Suns,124,Oklahoma City Thunder,104,-564,+422
Thu Feb 24 2022,Golden State Warriors,132,Portland Trail Blazers,95,-533,+398
Thu Feb 24 2022,Denver Nuggets,128,Sacramento Kings,110,-173,+151
Fri Feb 25 2022,Toronto Raptors,93,Charlotte Hornets,125,-130,+113
Fri Feb 25 2022,Oklahoma City Thunder,129,Indiana Pacers,125,+268,-325
Fri Feb 25 2022,Houston Rockets,111,Orlando Magic,119,+141,-161
Fri Feb 25 2022,San Antonio Spurs,157,Washington Wizards,153,-163,+143
Fri Feb 25 2022,Miami Heat,115,New York Knicks,100,-234,+196
Fri Feb 25 2022,Philadelphia 76ers,133,Minnesota Timberwolves,102,-140,+122
Fri Feb 25 2022,New Orleans Pelicans,117,Phoenix Suns,102,+215,-255
Fri Feb 25 2022,Dallas Mavericks,109,Utah Jazz,114,+202,-240
Fri Feb 25 2022,Los Angeles Clippers,105,Los Angeles Lakers,102,+127,-144
Sat Feb 26 2022,Boston Celtics,113,Detroit Pistons,104,-773,+539
Sat Feb 26 2022,Toronto Raptors,100,Atlanta Hawks,127,+143,-165
Sat Feb 26 2022,Memphis Grizzlies,116,Chicago Bulls,110,-131,+113
Sat Feb 26 2022,Washington Wizards,86,Cleveland Cavaliers,92,+308,-385
Sat Feb 26 2022,San Antonio Spurs,129,Miami Heat,133,+614,-862
Sat Feb 26 2022,Brooklyn Nets,126,Milwaukee Bucks,123,+366,-484
Sat Feb 26 2022,Sacramento Kings,110,Denver Nuggets,115,+298,-361
Sun Feb 27 2022,Philadelphia 76ers,125,New York Knicks,109,-355,+283
Sun Feb 27 2022,Utah Jazz,118,Phoenix Suns,114,-158,+137
Sun Feb 27 2022,Boston Celtics,107,Indiana Pacers,128,-426,+344
Sun Feb 27 2022,Detroit Pistons,127,Charlotte Hornets,126,+418,-565
Sun Feb 27 2022,Los Angeles Clippers,99,Houston Rockets,98,-282,+232
Sun Feb 27 2022,Dallas Mavericks,107,Golden State Warriors,101,+151,-174
Sun Feb 27 2022,Denver Nuggets,124,Portland Trail Blazers,92,-353,+289
Sun Feb 27 2022,New Orleans Pelicans,123,Los Angeles Lakers,95,+124,-142
Mon Feb 28 2022,Minnesota Timberwolves,127,Cleveland Cavaliers,122,-166,+145
Mon Feb 28 2022,Indiana Pacers,103,Orlando Magic,119,+120,-137
Mon Feb 28 2022,Toronto Raptors,133,Brooklyn Nets,97,-151,+131
Mon Feb 28 2022,Chicago Bulls,99,Miami Heat,112,+165,-192
Mon Feb 28 2022,San Antonio Spurs,105,Memphis Grizzlies,118,+305,-385
Mon Feb 28 2022,Charlotte Hornets,106,Milwaukee Bucks,130,+426,-573
Mon Feb 28 2022,Sacramento Kings,131,Oklahoma City Thunder,110,-217,+182
Tue Mar 1 2022,Detroit Pistons,113,Washington Wizards,116,+134,-153
Tue Mar 1 2022,Atlanta Hawks,98,Boston Celtics,107,+220,-262
Tue Mar 1 2022,Brooklyn Nets,108,Toronto Raptors,109,+282,-346
Tue Mar 1 2022,Los Angeles Clippers,113,Houston Rockets,100,-276,+233
Tue Mar 1 2022,Golden State Warriors,114,Minnesota Timberwolves,129,-171,+148
Tue Mar 1 2022,Dallas Mavericks,109,Los Angeles Lakers,104,-193,+166
Wed Mar 2 2022,Charlotte Hornets,119,Cleveland Cavaliers,98,+150,-173
Wed Mar 2 2022,Indiana Pacers,122,Orlando Magic,114,-132,+114
Wed Mar 2 2022,New York Knicks,108,Philadelphia 76ers,123,+452,-623
Wed Mar 2 2022,Utah Jazz,132,Houston Rockets,127,-1377,+867
Wed Mar 2 2022,Miami Heat,119,Milwaukee Bucks,120,+157,-180
Wed Mar 2 2022,Sacramento Kings,95,New Orleans Pelicans,125,+213,-250
Wed Mar 2 2022,Oklahoma City Thunder,119,Denver Nuggets,107,+925,-1484
Wed Mar 2 2022,Portland Trail Blazers,90,Phoenix Suns,120,+460,-618
Thu Mar 3 2022,Chicago Bulls,124,Atlanta Hawks,130,+115,-133
Thu Mar 3 2022,Memphis Grizzlies,107,Boston Celtics,120,+109,-127
Thu Mar 3 2022,Miami Heat,113,Brooklyn Nets,107,+127,-146
Thu Mar 3 2022,Detroit Pistons,108,Toronto Raptors,106,+291,-362
Thu Mar 3 2022,Golden State Warriors,113,Dallas Mavericks,122,+101,-118
Thu Mar 3 2022,Sacramento Kings,115,San Antonio Spurs,112,+217,-258
Thu Mar 3 2022,Los Angeles Lakers,111,Los Angeles Clippers,132,+112,-130
Fri Mar 4 2022,Indiana Pacers,106,Detroit Pistons,111,-143,+126
Fri Mar 4 2022,Cleveland Cavaliers,119,Philadelphia 76ers,125,+277,-330
Fri Mar 4 2022,Atlanta Hawks,117,Washington Wizards,114,-238,+201
Fri Mar 4 2022,Milwaukee Bucks,118,Chicago Bulls,112,-202,+170
Fri Mar 4 2022,Orlando Magic,103,Toronto Raptors,97,+271,-325
Fri Mar 4 2022,Utah Jazz,90,New Orleans Pelicans,124,-190,+165
Fri Mar 4 2022,Minnesota Timberwolves,138,Oklahoma City Thunder,101,-464,+371
Fri Mar 4 2022,Houston Rockets,101,Denver Nuggets,116,+420,-602
Fri Mar 4 2022,New York Knicks,114,Phoenix Suns,115,+217,-261
Sat Mar 5 2022,Sacramento Kings,113,Dallas Mavericks,114,+185,-215
Sat Mar 5 2022,San Antonio Spurs,117,Charlotte Hornets,123,+148,-170
Sat Mar 5 2022,Orlando Magic,96,Memphis Grizzlies,124,+966,-1561
Sat Mar 5 2022,Philadelphia 76ers,82,Miami Heat,99,+186,-217
Sat Mar 5 2022,Portland Trail Blazers,121,Minnesota Timberwolves,135,+742,-1096
Sat Mar 5 2022,Golden State Warriors,116,Los Angeles Lakers,124,-222,+187
Sun Mar 6 2022,Brooklyn Nets,120,Boston Celtics,126,+193,-231
Sun Mar 6 2022,Phoenix Suns,122,Milwaukee Bucks,132,+351,-440
Sun Mar 6 2022,Indiana Pacers,123,Washington Wizards,133,+114,-132
Sun Mar 6 2022,Memphis Grizzlies,112,Houston Rockets,123,-617,+447
Sun Mar 6 2022,Utah Jazz,116,Oklahoma City Thunder,103,-1054,+709
Sun Mar 6 2022,Toronto Raptors,96,Cleveland Cavaliers,104,+166,-193
Sun Mar 6 2022,New Orleans Pelicans,130,Denver Nuggets,138,+158,-180
Sun Mar 6 2022,New York Knicks,116,Los Angeles Clippers,93,+191,-223
Mon Mar 7 2022,Atlanta Hawks,110,Detroit Pistons,113,-309,+260
Mon Mar 7 2022,Chicago Bulls,106,Philadelphia 76ers,121,+273,-324
Mon Mar 7 2022,Houston Rockets,106,Miami Heat,123,+980,-1720
Mon Mar 7 2022,Portland Trail Blazers,81,Minnesota Timberwolves,124,+743,-1079
Mon Mar 7 2022,Utah Jazz,103,Dallas Mavericks,111,-115,-103
Mon Mar 7 2022,Los Angeles Lakers,110,San Antonio Spurs,117,+212,-249
Mon Mar 7 2022,Golden State Warriors,124,Denver Nuggets,131,+285,-341
Mon Mar 7 2022,New York Knicks,131,Sacramento Kings,115,+150,-171
Tue Mar 8 2022,Brooklyn Nets,132,Charlotte Hornets,121,-183,+162
Tue Mar 8 2022,Cleveland Cavaliers,127,Indiana Pacers,124,-140,+123
Tue Mar 8 2022,Phoenix Suns,102,Orlando Magic,99,-245,+208
Tue Mar 8 2022,New Orleans Pelicans,111,Memphis Grizzlies,132,+281,-344
Tue Mar 8 2022,Milwaukee Bucks,142,Oklahoma City Thunder,115,-1140,+756
Tue Mar 8 2022,Los Angeles Clippers,97,Golden State Warriors,112,+204,-246
Wed Mar 9 2022,Boston Celtics,115,Charlotte Hornets,101,-269,+229
Wed Mar 9 2022,Chicago Bulls,114,Detroit Pistons,108,-262,+223
Wed Mar 9 2022,Phoenix Suns,111,Miami Heat,90,+147,-170
Wed Mar 9 2022,Los Angeles Lakers,130,Houston Rockets,139,-304,+256
Wed Mar 9 2022,Atlanta Hawks,115,Milwaukee Bucks,124,+164,-189
Wed Mar 9 2022,Oklahoma City Thunder,102,Minnesota Timberwolves,132,+778,-1274
Wed Mar 9 2022,Orlando Magic,108,New Orleans Pelicans,102,+301,-364
Wed Mar 9 2022,New York Knicks,107,Dallas Mavericks,77,+318,-397
Wed Mar 9 2022,Toronto Raptors,119,San Antonio Spurs,104,-117,-100
Wed Mar 9 2022,Denver Nuggets,106,Sacramento Kings,100,-264,+222
Wed Mar 9 2022,Portland Trail Blazers,85,Utah Jazz,123,+1418,-2847
Wed Mar 9 2022,Washington Wizards,109,Los Angeles Clippers,115,+143,-164
Thu Mar 10 2022,Brooklyn Nets,129,Philadelphia 76ers,100,+146,-169
Thu Mar 10 2022,Golden State Warriors,113,Denver Nuggets,102,-122,+104
Fri Mar 11 2022,Minnesota Timberwolves,110,Orlando Magic,118,-370,+297
Fri Mar 11 2022,Los Angeles Clippers,106,Atlanta Hawks,112,+263,-312
Fri Mar 11 2022,Detroit Pistons,103,Boston Celtics,114,+734,-1102
Fri Mar 11 2022,Dallas Mavericks,113,Houston Rockets,100,-611,+455
Fri Mar 11 2022,New York Knicks,114,Memphis Grizzlies,118,+343,-428
Fri Mar 11 2022,Cleveland Cavaliers,105,Miami Heat,117,+283,-341
Fri Mar 11 2022,Charlotte Hornets,142,New Orleans Pelicans,120,-159,+139
Fri Mar 11 2022,Utah Jazz,102,San Antonio Spurs,104,-220,+188
Fri Mar 11 2022,Toronto Raptors,117,Phoenix Suns,112,+175,-203
Fri Mar 11 2022,Washington Wizards,109,Los Angeles Lakers,122,+162,-187
Sat Mar 12 2022,Cleveland Cavaliers,91,Chicago Bulls,101,+172,-199
Sat Mar 12 2022,Minnesota Timberwolves,113,Miami Heat,104,+161,-186
Sat Mar 12 2022,Indiana Pacers,119,San Antonio Spurs,108,+126,-146
Sat Mar 12 2022,Milwaukee Bucks,109,Golden State Warriors,122,-130,+113
Sat Mar 12 2022,Toronto Raptors,127,Denver Nuggets,115,+231,-274
Sat Mar 12 2022,Sacramento Kings,125,Utah Jazz,134,+346,-432
Sat Mar 12 2022,Washington Wizards,118,Portland Trail Blazers,127,-269,+228
Sun Mar 13 2022,New York Knicks,107,Brooklyn Nets,110,+200,-235
Sun Mar 13 2022,Los Angeles Clippers,106,Detroit Pistons,102,-175,+152
Sun Mar 13 2022,Dallas Mavericks,95,Boston Celtics,92,+238,-281
Sun Mar 13 2022,Philadelphia 76ers,116,Orlando Magic,114,-684,+503
Sun Mar 13 2022,Indiana Pacers,128,Atlanta Hawks,131,+563,-779
Sun Mar 13 2022,Houston Rockets,105,New Orleans Pelicans,130,+217,-255
Sun Mar 13 2022,Memphis Grizzlies,125,Oklahoma City Thunder,118,-1268,+801
Sun Mar 13 2022,Los Angeles Lakers,111,Phoenix Suns,140,+261,-315
Mon Mar 14 2022,Los Angeles Clippers,111,Cleveland Cavaliers,120,+250,-296
Mon Mar 14 2022,Portland Trail Blazers,113,Atlanta Hawks,122,+653,-946
Mon Mar 14 2022,Denver Nuggets,114,Philadelphia 76ers,110,+144,-166
Mon Mar 14 2022,Charlotte Hornets,134,Oklahoma City Thunder,116,-581,+441
Mon Mar 14 2022,Minnesota Timberwolves,149,San Antonio Spurs,139,-164,+143
Mon Mar 14 2022,Washington Wizards,112,Golden State Warriors,126,+543,-742
Mon Mar 14 2022,Chicago Bulls,103,Sacramento Kings,112,-190,+166
Mon Mar 14 2022,Milwaukee Bucks,117,Utah Jazz,111,+114,-131
Mon Mar 14 2022,Toronto Raptors,114,Los Angeles Lakers,103,-185,+161
Tue Mar 15 2022,Memphis Grizzlies,135,Indiana Pacers,102,-262,+221
Tue Mar 15 2022,Brooklyn Nets,150,Orlando Magic,108,-522,+404
Tue Mar 15 2022,Detroit Pistons,98,Miami Heat,105,+768,-1171
Tue Mar 15 2022,Phoenix Suns,131,New Orleans Pelicans,115,-190,+166
Wed Mar 16 2022,Atlanta Hawks,106,Charlotte Hornets,116,-103,-114
Wed Mar 16 2022,Philadelphia 76ers,118,Cleveland Cavaliers,114,-172,+150
Wed Mar 16 2022,Denver Nuggets,127,Washington Wizards,109,-257,+218
Wed Mar 16 2022,Dallas Mavericks,113,Brooklyn Nets,111,-149,+131
Wed Mar 16 2022,Portland Trail Blazers,98,New York Knicks,128,+581,-809
Wed Mar 16 2022,Phoenix Suns,129,Houston Rockets,112,-549,+418
Wed Mar 16 2022,Los Angeles Lakers,104,Minnesota Timberwolves,124,+314,-384
Wed Mar 16 2022,Oklahoma City Thunder,120,San Antonio Spurs,122,+522,-734
Wed Mar 16 2022,Chicago Bulls,110,Utah Jazz,125,+230,-273
Wed Mar 16 2022,Boston Celtics,110,Golden State Warriors,88,+109,-126
Wed Mar 16 2022,Milwaukee Bucks,135,Sacramento Kings,126,-397,+316
Wed Mar 16 2022,Toronto Raptors,103,Los Angeles Clippers,100,-132,+114
Thu Mar 17 2022,Detroit Pistons,134,Orlando Magic,120,+131,-150
Fri Mar 18 2022,Dallas Mavericks,101,Philadelphia 76ers,111,+157,-180
Fri Mar 18 2022,Memphis Grizzlies,105,Atlanta Hawks,120,-248,+210
Fri Mar 18 2022,Portland Trail Blazers,123,Brooklyn Nets,128,+832,-1297
Fri Mar 18 2022,Denver Nuggets,116,Cleveland Cavaliers,119,-142,+124
Fri Mar 18 2022,Washington Wizards,97,New York Knicks,100,+210,-248
Fri Mar 18 2022,Los Angeles Lakers,128,Toronto Raptors,123,+296,-359
Fri Mar 18 2022,Indiana Pacers,121,Houston Rockets,118,-171,+151
Fri Mar 18 2022,Oklahoma City Thunder,108,Miami Heat,120,+916,-1439
Fri Mar 18 2022,New Orleans Pelicans,124,San Antonio Spurs,91,+107,-124
Fri Mar 18 2022,Los Angeles Clippers,92,Utah Jazz,121,+188,-221
Fri Mar 18 2022,Chicago Bulls,102,Phoenix Suns,129,+170,-198
Fri Mar 18 2022,Boston Celtics,126,Sacramento Kings,97,-557,+429
Sat Mar 19 2022,Milwaukee Bucks,119,Minnesota Timberwolves,138,+136,-155
Sat Mar 19 2022,Dallas Mavericks,108,Charlotte Hornets,129,+121,-139
Sat Mar 19 2022,Detroit Pistons,109,Cleveland Cavaliers,113,+209,-249
Sat Mar 19 2022,Los Angeles Lakers,119,Washington Wizards,127,-118,+101
Sun Mar 20 2022,Memphis Grizzlies,122,Houston Rockets,98,-768,+557
Sun Mar 20 2022,Portland Trail Blazers,98,Indiana Pacers,129,+281,-334
Sun Mar 20 2022,New Orleans Pelicans,117,Atlanta Hawks,112,+174,-201
Sun Mar 20 2022,Oklahoma City Thunder,85,Orlando Magic,90,+291,-351
Sun Mar 20 2022,Phoenix Suns,127,Sacramento Kings,124,-350,+291
Sun Mar 20 2022,Utah Jazz,108,New York Knicks,93,-162,+141
Sun Mar 20 2022,Boston Celtics,124,Denver Nuggets,104,-144,+127
Sun Mar 20 2022,San Antonio Spurs,110,Golden State Warriors,108,+226,-266
Sun Mar 20 2022,Toronto Raptors,93,Philadelphia 76ers,88,+287,-341
Mon Mar 21 2022,New Orleans Pelicans,103,Charlotte Hornets,106,+192,-223
Mon Mar 21 2022,Los Angeles Lakers,131,Cleveland Cavaliers,120,+166,-192
Mon Mar 21 2022,Portland Trail Blazers,119,Detroit Pistons,115,+373,-465
Mon Mar 21 2022,Utah Jazz,106,Brooklyn Nets,114,-135,+117
Mon Mar 21 2022,Miami Heat,106,Philadelphia 76ers,113,-331,+279
Mon Mar 21 2022,Toronto Raptors,99,Chicago Bulls,113,+144,-166
Mon Mar 21 2022,Washington Wizards,97,Houston Rockets,115,-164,+143
Mon Mar 21 2022,Boston Celtics,132,Oklahoma City Thunder,123,-1078,+718
Mon Mar 21 2022,Minnesota Timberwolves,108,Dallas Mavericks,110,+103,-121
Tue Mar 22 2022,Golden State Warriors,90,Orlando Magic,94,-324,+268
Tue Mar 22 2022,Atlanta Hawks,117,New York Knicks,111,-164,+143
Tue Mar 22 2022,Chicago Bulls,98,Milwaukee Bucks,126,+221,-262
Tue Mar 22 2022,Los Angeles Clippers,115,Denver Nuggets,127,+226,-267
Wed Mar 23 2022,New York Knicks,121,Charlotte Hornets,106,+296,-363
Wed Mar 23 2022,Atlanta Hawks,101,Detroit Pistons,122,-202,+175
Wed Mar 23 2022,Sacramento Kings,110,Indiana Pacers,109,+196,-232
Wed Mar 23 2022,Utah Jazz,97,Boston Celtics,125,+170,-196
Wed Mar 23 2022,Brooklyn Nets,120,Memphis Grizzlies,132,-118,+101
Wed Mar 23 2022,Golden State Warriors,118,Miami Heat,104,+395,-505
Wed Mar 23 2022,Phoenix Suns,125,Minnesota Timberwolves,116,+110,-127
Wed Mar 23 2022,Orlando Magic,102,Oklahoma City Thunder,118,-134,+116
Wed Mar 23 2022,Houston Rockets,91,Dallas Mavericks,110,+398,-514
Wed Mar 23 2022,Philadelphia 76ers,126,Los Angeles Lakers,121,-481,+387
Wed Mar 23 2022,San Antonio Spurs,133,Portland Trail Blazers,96,-452,+359
Thu Mar 24 2022,Cleveland Cavaliers,104,Toronto Raptors,117,+182,-213
Thu Mar 24 2022,Indiana Pacers,103,Memphis Grizzlies,133,+476,-634
Thu Mar 24 2022,Washington Wizards,102,Milwaukee Bucks,114,+318,-395
Thu Mar 24 2022,Chicago Bulls,109,New Orleans Pelicans,126,+134,-153
Thu Mar 24 2022,Phoenix Suns,140,Denver Nuggets,130,-100,-117
Fri Mar 25 2022,Utah Jazz,101,Charlotte Hornets,107,-166,+146
Fri Mar 25 2022,Washington Wizards,100,Detroit Pistons,97,+144,-163
Fri Mar 25 2022,Golden State Warriors,110,Atlanta Hawks,121,+113,-131
Fri Mar 25 2022,New York Knicks,111,Miami Heat,103,+311,-385
Fri Mar 25 2022,Dallas Mavericks,95,Minnesota Timberwolves,116,+142,-160
Fri Mar 25 2022,Houston Rockets,125,Portland Trail Blazers,106,-182,+158
Fri Mar 25 2022,Philadelphia 76ers,122,Los Angeles Clippers,97,-226,+191
Sat Mar 26 2022,San Antonio Spurs,107,New Orleans Pelicans,103,+201,-238
Sat Mar 26 2022,Sacramento Kings,114,Orlando Magic,110,+122,-139
Sat Mar 26 2022,Indiana Pacers,91,Toronto Raptors,131,+519,-715
Sat Mar 26 2022,Chicago Bulls,98,Cleveland Cavaliers,94,+111,-129
Sat Mar 26 2022,Milwaukee Bucks,102,Memphis Grizzlies,127,-115,-103
Sat Mar 26 2022,Brooklyn Nets,110,Miami Heat,95,-140,+123
Sat Mar 26 2022,Oklahoma City Thunder,107,Denver Nuggets,113,+960,-1529
Sat Mar 26 2022,Houston Rockets,115,Portland Trail Blazers,98,-183,+159
Sun Mar 27 2022,New York Knicks,104,Detroit Pistons,102,-193,+166
Sun Mar 27 2022,Minnesota Timberwolves,112,Boston Celtics,134,+211,-249
Sun Mar 27 2022,Philadelphia 76ers,104,Phoenix Suns,114,+161,-184
Sun Mar 27 2022,Golden State Warriors,115,Washington Wizards,123,-283,+238
Sun Mar 27 2022,Los Angeles Lakers,108,New Orleans Pelicans,116,+144,-166
Sun Mar 27 2022,Charlotte Hornets,119,Brooklyn Nets,110,+228,-269
Sun Mar 27 2022,Utah Jazz,100,Dallas Mavericks,114,+150,-172
Mon Mar 28 2022,Denver Nuggets,113,Charlotte Hornets,109,-159,+140
Mon Mar 28 2022,Orlando Magic,101,Cleveland Cavaliers,107,+325,-402
Mon Mar 28 2022,Atlanta Hawks,132,Indiana Pacers,123,-317,+266
Mon Mar 28 2022,Sacramento Kings,100,Miami Heat,123,+790,-1198
Mon Mar 28 2022,Chicago Bulls,104,New York Knicks,109,-166,+145
Mon Mar 28 2022,Boston Celtics,112,Toronto Raptors,115,+298,-366
Mon Mar 28 2022,San Antonio Spurs,123,Houston Rockets,120,-461,+362
Mon Mar 28 2022,Golden State Warriors,95,Memphis Grizzlies,123,+363,-468
Mon Mar 28 2022,Oklahoma City Thunder,134,Portland Trail Blazers,131,+105,-123
Tue Mar 29 2022,Milwaukee Bucks,118,Philadelphia 76ers,116,-107,-110
Tue Mar 29 2022,Chicago Bulls,107,Washington Wizards,94,-180,+158
Tue Mar 29 2022,Detroit Pistons,123,Brooklyn Nets,130,+740,-1151
Tue Mar 29 2022,Los Angeles Lakers,110,Dallas Mavericks,128,+549,-764
Tue Mar 29 2022,Utah Jazz,115,Los Angeles Clippers,121,-136,+118
Wed Mar 30 2022,Dallas Mavericks,120,Cleveland Cavaliers,112,-135,+118
Wed Mar 30 2022,Denver Nuggets,125,Indiana Pacers,118,-523,+398
Wed Mar 30 2022,Orlando Magic,110,Washington Wizards,127,+144,-166
Wed Mar 30 2022,Miami Heat,106,Boston Celtics,98,+175,-206
Wed Mar 30 2022,Charlotte Hornets,125,New York Knicks,114,-144,+127
Wed Mar 30 2022,Minnesota Timberwolves,102,Toronto Raptors,125,+121,-138
Wed Mar 30 2022,Sacramento Kings,121,Houston Rockets,118,-151,+132
Wed Mar 30 2022,Atlanta Hawks,136,Oklahoma City Thunder,118,-975,+643
Wed Mar 30 2022,Memphis Grizzlies,112,San Antonio Spurs,111,-198,+172
Wed Mar 30 2022,Phoenix Suns,107,Golden State Warriors,103,-198,+171
Wed Mar 30 2022,New Orleans Pelicans,117,Portland Trail Blazers,107,-1256,+816
Thu Mar 31 2022,Philadelphia 76ers,94,Detroit Pistons,102,-475,+373
Thu Mar 31 2022,Cleveland Cavaliers,107,Atlanta Hawks,131,+214,-254
Thu Mar 31 2022,Milwaukee Bucks,120,Brooklyn Nets,119,+112,-130
Thu Mar 31 2022,Los Angeles Clippers,130,Chicago Bulls,135,+115,-134
Thu Mar 31 2022,Los Angeles Lakers,109,Utah Jazz,122,+702,-1006
Fri Apr 1 2022,Toronto Raptors,102,Orlando Magic,89,-632,+476
Fri Apr 1 2022,Dallas Mavericks,103,Washington Wizards,135,-343,+279
Fri Apr 1 2022,Indiana Pacers,123,Boston Celtics,128,+917,-1479
Fri Apr 1 2022,Sacramento Kings,122,Houston Rockets,117,-154,+136
Fri Apr 1 2022,Phoenix Suns,114,Memphis Grizzlies,122,-323,+266
Fri Apr 1 2022,Los Angeles Clippers,153,Milwaukee Bucks,119,+141,-162
Fri Apr 1 2022,Detroit Pistons,110,Oklahoma City Thunder,101,-181,+159
Fri Apr 1 2022,Portland Trail Blazers,111,San Antonio Spurs,130,+791,-1238
Fri Apr 1 2022,Minnesota Timberwolves,136,Denver Nuggets,130,+134,-151
Fri Apr 1 2022,New Orleans Pelicans,114,Los Angeles Lakers,111,+115,-133
Sat Apr 2 2022,Charlotte Hornets,114,Philadelphia 76ers,144,+193,-227
Sat Apr 2 2022,Cleveland Cavaliers,119,New York Knicks,101,+111,-128
Sat Apr 2 2022,Brooklyn Nets,115,Atlanta Hawks,122,-137,+119
Sat Apr 2 2022,Miami Heat,127,Chicago Bulls,109,-139,+122
Sat Apr 2 2022,Utah Jazz,107,Golden State Warriors,111,-137,+119
Sun Apr 3 2022,Washington Wizards,102,Boston Celtics,144,+724,-1105
Sun Apr 3 2022,Dallas Mavericks,118,Milwaukee Bucks,112,+240,-284
Sun Apr 3 2022,Denver Nuggets,129,Los Angeles Lakers,118,-227,+191
Sun Apr 3 2022,Detroit Pistons,121,Indiana Pacers,117,+160,-182
Sun Apr 3 2022,Philadelphia 76ers,112,Cleveland Cavaliers,108,-222,+189
Sun Apr 3 2022,New York Knicks,118,Orlando Magic,88,-203,+176
Sun Apr 3 2022,Minnesota Timberwolves,139,Houston Rockets,132,-1071,+699
Sun Apr 3 2022,Phoenix Suns,96,Oklahoma City Thunder,117,-1370,+862
Sun Apr 3 2022,Portland Trail Blazers,92,San Antonio Spurs,113,+739,-1126
Sun Apr 3 2022,Miami Heat,114,Toronto Raptors,109,+170,-195
Sun Apr 3 2022,Golden State Warriors,109,Sacramento Kings,90,-192,+165
Sun Apr 3 2022,New Orleans Pelicans,100,Los Angeles Clippers,119,+114,-132
Tue Apr 5 2022,Philadelphia 76ers,131,Indiana Pacers,122,-665,+490
Tue Apr 5 2022,Cleveland Cavaliers,115,Orlando Magic,120,-345,+282
Tue Apr 5 2022,Houston Rockets,105,Brooklyn Nets,118,+1041,-1717
Tue Apr 5 2022,Charlotte Hornets,115,Miami Heat,144,+164,-188
Tue Apr 5 2022,Atlanta Hawks,108,Toronto Raptors,118,+154,-175
Tue Apr 5 2022,Milwaukee Bucks,127,Chicago Bulls,106,-269,+229
Tue Apr 5 2022,Washington Wizards,132,Minnesota Timberwolves,114,+521,-716
Tue Apr 5 2022,Portland Trail Blazers,94,Oklahoma City Thunder,98,+139,-158
Tue Apr 5 2022,San Antonio Spurs,116,Denver Nuggets,97,+318,-398
Tue Apr 5 2022,Memphis Grizzlies,115,Utah Jazz,121,+208,-245
Tue Apr 5 2022,New Orleans Pelicans,123,Sacramento Kings,109,-317,+263
Tue Apr 5 2022,Los Angeles Lakers,110,Phoenix Suns,121,+569,-794
Wed Apr 6 2022,Dallas Mavericks,131,Detroit Pistons,113,-413,+330
Wed Apr 6 2022,Brooklyn Nets,110,New York Knicks,98,-282,+240
Wed Apr 6 2022,Washington Wizards,103,Atlanta Hawks,118,+409,-533
Wed Apr 6 2022,Boston Celtics,117,Chicago Bulls,94,-297,+249
Wed Apr 6 2022,Oklahoma City Thunder,101,Utah Jazz,137,+850,-1297
Wed Apr 6 2022,Phoenix Suns,109,Los Angeles Clippers,113,+248,-297
Thu Apr 7 2022,Orlando Magic,101,Charlotte Hornets,128,+778,-1185
Thu Apr 7 2022,Boston Celtics,121,Milwaukee Bucks,127,+304,-376
Thu Apr 7 2022,Philadelphia 76ers,114,Toronto Raptors,119,-161,+142
Thu Apr 7 2022,San Antonio Spurs,121,Minnesota Timberwolves,127,+247,-301
Thu Apr 7 2022,Portland Trail Blazers,94,New Orleans Pelicans,127,+994,-1745
Thu Apr 7 2022,Memphis Grizzlies,109,Denver Nuggets,122,+158,-179
Thu Apr 7 2022,Los Angeles Lakers,112,Golden State Warriors,128,+789,-1161
Fri Apr 8 2022,Milwaukee Bucks,131,Detroit Pistons,101,-515,+393
Fri Apr 8 2022,New York Knicks,114,Washington Wizards,92,-165,+143
Fri Apr 8 2022,Cleveland Cavaliers,107,Brooklyn Nets,118,+298,-365
Fri Apr 8 2022,Houston Rockets,115,Toronto Raptors,117,+519,-711
Fri Apr 8 2022,Charlotte Hornets,133,Chicago Bulls,117,+125,-143
Fri Apr 8 2022,Atlanta Hawks,109,Miami Heat,113,+103,-121
Fri Apr 8 2022,Portland Trail Blazers,78,Dallas Mavericks,128,+1281,-2428
Fri Apr 8 2022,Phoenix Suns,111,Utah Jazz,105,+132,-150
Fri Apr 8 2022,Oklahoma City Thunder,101,Los Angeles Lakers,120,+193,-227
Sat Apr 9 2022,Indiana Pacers,120,Philadelphia 76ers,133,+719,-1101
Sat Apr 9 2022,New Orleans Pelicans,114,Memphis Grizzlies,141,+268,-323
Sat Apr 9 2022,Golden State Warriors,100,San Antonio Spurs,94,-304,+253
Sat Apr 9 2022,Sacramento Kings,98,Los Angeles Clippers,117,+548,-763
Sun Apr 10 2022,Indiana Pacers,126,Brooklyn Nets,134,+1038,-1689
Sun Apr 10 2022,Washington Wizards,108,Charlotte Hornets,124,+629,-907
Sun Apr 10 2022,Milwaukee Bucks,115,Cleveland Cavaliers,133,+309,-388
Sun Apr 10 2022,Atlanta Hawks,130,Houston Rockets,114,-754,+543
Sun Apr 10 2022,Boston Celtics,139,Memphis Grizzlies,110,-402,+321
Sun Apr 10 2022,Toronto Raptors,94,New York Knicks,105,-114,-104
Sun Apr 10 2022,Miami Heat,111,Orlando Magic,125,-277,+234
Sun Apr 10 2022,Detroit Pistons,106,Philadelphia 76ers,118,+226,-264
Sun Apr 10 2022,Chicago Bulls,124,Minnesota Timberwolves,120,+256,-309
Sun Apr 10 2022,San Antonio Spurs,120,Dallas Mavericks,130,+404,-521
Sun Apr 10 2022,Los Angeles Lakers,146,Denver Nuggets,141,+202,-239
Sun Apr 10 2022,Oklahoma City Thunder,88,Los Angeles Clippers,138,+558,-779
Sun Apr 10 2022,Golden State Warriors,128,New Orleans Pelicans,107,-279,+235
Sun Apr 10 2022,Sacramento Kings,116,Phoenix Suns,109,+379,-491
Sun Apr 10 2022,Utah Jazz,111,Portland Trail Blazers,80,-2338,+1250
Tue Apr 12 2022,Cleveland Cavaliers,108,Brooklyn Nets,115,+384,-508
Tue Apr 12 2022,Los Angeles Clippers,104,Minnesota Timberwolves,109,+136,-155
Wed Apr 13 2022,Charlotte Hornets,103,Atlanta Hawks,132,+184,-216
Wed Apr 13 2022,San Antonio Spurs,103,New Orleans Pelicans,113,+181,-210
Fri Apr 15 2022,Atlanta Hawks,107,Cleveland Cavaliers,101,-137,+120
Fri Apr 15 2022,New Orleans Pelicans,105,Los Angeles Clippers,101,-124,+107
Sat Apr 16 2022,Utah Jazz,99,Dallas Mavericks,93,-237,+200
Sat Apr 16 2022,Minnesota Timberwolves,130,Memphis Grizzlies,117,+238,-285
Sat Apr 16 2022,Toronto Raptors,111,Philadelphia 76ers,131,+168,-193
Sat Apr 16 2022,Denver Nuggets,107,Golden State Warriors,123,+223,-263
Sun Apr 17 2022,Atlanta Hawks,91,Miami Heat,115,+241,-296
Sun Apr 17 2022,Brooklyn Nets,114,Boston Celtics,115,+152,-173
Sun Apr 17 2022,Chicago Bulls,86,Milwaukee Bucks,93,+452,-598
Sun Apr 17 2022,New Orleans Pelicans,99,Phoenix Suns,110,+611,-798
Mon Apr 18 2022,Toronto Raptors,97,Philadelphia 76ers,112,+263,-315
Mon Apr 18 2022,Utah Jazz,104,Dallas Mavericks,110,-216,+184
Mon Apr 18 2022,Denver Nuggets,106,Golden State Warriors,126,+251,-303
Tue Apr 19 2022,Atlanta Hawks,105,Miami Heat,115,+273,-331
Tue Apr 19 2022,Minnesota Timberwolves,96,Memphis Grizzlies,124,+244,-290
Tue Apr 19 2022,New Orleans Pelicans,125,Phoenix Suns,114,+688,-1176
Wed Apr 20 2022,Brooklyn Nets,107,Boston Celtics,114,+138,-157
Wed Apr 20 2022,Philadelphia 76ers,104,Toronto Raptors,101,-130,+113
Wed Apr 20 2022,Chicago Bulls,114,Milwaukee Bucks,110,+398,-535
Thu Apr 21 2022,Memphis Grizzlies,104,Minnesota Timberwolves,95,-140,+123
Thu Apr 21 2022,Dallas Mavericks,126,Utah Jazz,118,+320,-399
Thu Apr 21 2022,Golden State Warriors,118,Denver Nuggets,113,-143,+124
Fri Apr 22 2022,Miami Heat,110,Atlanta Hawks,111,-131,+114
Fri Apr 22 2022,Milwaukee Bucks,111,Chicago Bulls,81,-144,+127
Fri Apr 22 2022,Phoenix Suns,114,New Orleans Pelicans,111,-181,+152
Sat Apr 23 2022,Philadelphia 76ers,102,Toronto Raptors,110,+619,+129
Sat Apr 23 2022,Dallas Mavericks,99,Utah Jazz,100,+198,-233
Sat Apr 23 2022,Boston Celtics,109,Brooklyn Nets,103,+177,-177
Sat Apr 23 2022,Memphis Grizzlies,118,Minnesota Timberwolves,119,-136,+119
Sun Apr 24 2022,Milwaukee Bucks,119,Chicago Bulls,95,-188,+164
Sun Apr 24 2022,Golden State Warriors,121,Denver Nuggets,126,-205,+173
Sun Apr 24 2022,Miami Heat,110,Atlanta Hawks,86,-120,+102
Sun Apr 24 2022,Phoenix Suns,103,New Orleans Pelicans,118,-271,+224
Mon Apr 25 2022,Boston Celtics,116,Brooklyn Nets,112,+106,-665
Mon Apr 25 2022,Toronto Raptors,103,Philadelphia 76ers,88,+530,-1764
Mon Apr 25 2022,Utah Jazz,77,Dallas Mavericks,102,+138,-158
Tue Apr 26 2022,Atlanta Hawks,94,Miami Heat,97,+182,-213
Tue Apr 26 2022,Minnesota Timberwolves,109,Memphis Grizzlies,111,+218,-264
Tue Apr 26 2022,New Orleans Pelicans,97,Phoenix Suns,112,+227,-275
Wed Apr 27 2022,Chicago Bulls,100,Milwaukee Bucks,116,+636,-949
Wed Apr 27 2022,Denver Nuggets,98,Golden State Warriors,102,+344,-2261
Thu Apr 28 2022,Philadelphia 76ers,132,Toronto Raptors,97,-114,-103
Thu Apr 28 2022,Phoenix Suns,115,New Orleans Pelicans,109,-163,+144
Thu Apr 28 2022,Dallas Mavericks,98,Utah Jazz,96,-119,+102
Fri Apr 29 2022,Memphis Grizzlies,114,Minnesota Timberwolves,106,-124,+107
Sun May 1 2022,Milwaukee Bucks,101,Boston Celtics,89,+173,-201
Sun May 1 2022,Golden State Warriors,117,Memphis Grizzlies,116,-142,+124
Mon May 2 2022,Philadelphia 76ers,92,Miami Heat,106,+288,-354
Mon May 2 2022,Dallas Mavericks,114,Phoenix Suns,121,+206,-244
Tue May 3 2022,Milwaukee Bucks,86,Boston Celtics,109,+161,-184
Tue May 3 2022,Golden State Warriors,101,Memphis Grizzlies,106,-130,+113
Wed May 4 2022,Philadelphia 76ers,103,Miami Heat,119,+323,-396
Wed May 4 2022,Dallas Mavericks,109,Phoenix Suns,129,+209,-246
Fri May 6 2022,Miami Heat,79,Philadelphia 76ers,99,-109,-112
Fri May 6 2022,Phoenix Suns,94,Dallas Mavericks,103,-101,-119
Sat May 7 2022,Boston Celtics,101,Milwaukee Bucks,103,+116,-136
Sat May 7 2022,Memphis Grizzlies,112,Golden State Warriors,142,+251,-310
Sun May 8 2022,Phoenix Suns,101,Dallas Mavericks,111,-152,+130
Sun May 8 2022,Miami Heat,108,Philadelphia 76ers,116,+115,-135
Mon May 9 2022,Boston Celtics,116,Milwaukee Bucks,108,+104,-124
Mon May 9 2022,Memphis Grizzlies,98,Golden State Warriors,101,+416,-569
Tue May 10 2022,Philadelphia 76ers,85,Miami Heat,120,+131,-153
Tue May 10 2022,Dallas Mavericks,80,Phoenix Suns,110,+251,-308
Wed May 11 2022,Milwaukee Bucks,110,Boston Celtics,107,+173,-203
Wed May 11 2022,Golden State Warriors,95,Memphis Grizzlies,134,-189,+160
Thu May 12 2022,Miami Heat,99,Philadelphia 76ers,90,+121,-141
Thu May 12 2022,Phoenix Suns,86,Dallas Mavericks,113,-139,+118
Fri May 13 2022,Boston Celtics,108,Milwaukee Bucks,95,+102,-122
Fri May 13 2022,Memphis Grizzlies,96,Golden State Warriors,110,+286,-369
Sun May 15 2022,Milwaukee Bucks,81,Boston Celtics,109,+176,-209
Sun May 15 2022,Dallas Mavericks,123,Phoenix Suns,90,+235,-289
Tue May 17 2022,Boston Celtics,107,Miami Heat,118,+164,-196
Wed May 18 2022,Dallas Mavericks,87,Golden State Warriors,112,+187,-227
Thu May 19 2022,Boston Celtics,127,Miami Heat,102,-105,-115
Fri May 20 2022,Dallas Mavericks,117,Golden State Warriors,126,+212,-256
Sat May 21 2022,Miami Heat,109,Boston Celtics,103,+200,-241
Sun May 22 2022,Golden State Warriors,109,Dallas Mavericks,100,+135,-158
Mon May 23 2022,Miami Heat,82,Boston Celtics,102,+224,-273
Tue May 24 2022,Golden State Warriors,109,Dallas Mavericks,119,+103,-123
Wed May 25 2022,Boston Celtics,93,Miami Heat,80,-165,+141
Thu May 26 2022,Dallas Mavericks,110,Golden State Warriors,120,+240,-290
Fri May 27 2022,Miami Heat,111,Boston Celtics,103,+330,-424
Sun May 29 2022,Boston Celtics,100,Miami Heat,96,-156,+134
Thu Jun 2 2022,Boston Celtics,120,Golden State Warriors,108,+147,-171
Sun Jun 5 2022,Boston Celtics,88,Golden State Warriors,107,+173,-205
Wed Jun 8 2022,Golden State Warriors,100,Boston Celtics,116,+131,-153
Fri Jun 10 2022,Golden State Warriors,107,Boston Celtics,97,+140,-163
Mon Jun 13 2022,Boston Celtics,94,Golden State Warriors,104,+142,-166
Thu Jun 16 2022,Golden State Warriors,103,Boston Celtics,90,+148,-172
